-- MySQL dump 10.13  Distrib 5.5.37, for debian-linux-gnu (x86_64)
--
-- Host: localhost    Database: BURST_DATA
-- ------------------------------------------------------
-- Server version	5.5.37-0ubuntu0.13.10.1

/*!40101 SET @OLD_CHARACTER_SET_CLIENT=@@CHARACTER_SET_CLIENT */;
/*!40101 SET @OLD_CHARACTER_SET_RESULTS=@@CHARACTER_SET_RESULTS */;
/*!40101 SET @OLD_COLLATION_CONNECTION=@@COLLATION_CONNECTION */;
/*!40101 SET NAMES utf8 */;
/*!40103 SET @OLD_TIME_ZONE=@@TIME_ZONE */;
/*!40103 SET TIME_ZONE='+00:00' */;
/*!40014 SET @OLD_UNIQUE_CHECKS=@@UNIQUE_CHECKS, UNIQUE_CHECKS=0 */;
/*!40014 SET @OLD_FOREIGN_KEY_CHECKS=@@FOREIGN_KEY_CHECKS, FOREIGN_KEY_CHECKS=0 */;
/*!40101 SET @OLD_SQL_MODE=@@SQL_MODE, SQL_MODE='NO_AUTO_VALUE_ON_ZERO' */;
/*!40111 SET @OLD_SQL_NOTES=@@SQL_NOTES, SQL_NOTES=0 */;

--
-- Current Database: `BURST_DATA`
--

CREATE DATABASE /*!32312 IF NOT EXISTS*/ `BURST_DATA` /*!40100 DEFAULT CHARACTER SET latin1 */;

USE `BURST_DATA`;

--
-- Table structure for table `clients`
--

DROP TABLE IF EXISTS `clients`;
/*!40101 SET @saved_cs_client     = @@character_set_client */;
/*!40101 SET character_set_client = utf8 */;
CREATE TABLE `clients` (
  `id` int(8) unsigned NOT NULL AUTO_INCREMENT,
  `name` varchar(255) DEFAULT NULL,
  `login` varchar(15) NOT NULL,
  `passwd` varchar(15) NOT NULL,
  `session` varchar(255) DEFAULT NULL,
  PRIMARY KEY (`id`)
) ENGINE=InnoDB AUTO_INCREMENT=4 DEFAULT CHARSET=latin1;
/*!40101 SET character_set_client = @saved_cs_client */;

--
-- Dumping data for table `clients`
--

LOCK TABLES `clients` WRITE;
/*!40000 ALTER TABLE `clients` DISABLE KEYS */;
INSERT INTO `clients` VALUES (3,'MR ADMIN ESQ','admin','Z}ŸÈû',NULL);
/*!40000 ALTER TABLE `clients` ENABLE KEYS */;
UNLOCK TABLES;

--
-- Table structure for table `counters`
--

DROP TABLE IF EXISTS `counters`;
/*!40101 SET @saved_cs_client     = @@character_set_client */;
/*!40101 SET character_set_client = utf8 */;
CREATE TABLE `counters` (
  `id` int(8) unsigned NOT NULL AUTO_INCREMENT,
  `timestamp` int(8) unsigned NOT NULL,
  `input` bigint(20) NOT NULL,
  `output` bigint(20) NOT NULL,
  `ind_id` int(8) unsigned NOT NULL,
  PRIMARY KEY (`id`),
  KEY `ind_id` (`ind_id`),
  CONSTRAINT `counters_ibfk_1` FOREIGN KEY (`ind_id`) REFERENCES `indexes` (`id`)
) ENGINE=InnoDB AUTO_INCREMENT=1378 DEFAULT CHARSET=latin1;
/*!40101 SET character_set_client = @saved_cs_client */;

--
-- Dumping data for table `counters`
--

LOCK TABLES `counters` WRITE;
/*!40000 ALTER TABLE `counters` DISABLE KEYS */;
INSERT INTO `counters` VALUES (1,1525032601,13293347114049080,816396847325881,106),(2,1525032901,13293505234741642,816405744209501,106),(3,1525033201,13293665697025168,816413883030365,106),(4,1525033501,13293807035771836,816422501070917,106),(5,1525033801,13293947879346182,816430921493232,106),(6,1525034102,13294080090267241,816439546049241,106),(7,1524960901,31617811615872521,722724817948157,219),(8,1524961201,31617864464847385,722727931544188,219),(9,1524961501,31617916550100543,722730518151692,219),(10,1524961801,31617966393287896,722732784269765,219),(11,1524962101,31618017027740325,722735037618241,219),(12,1524962401,31618069308103539,722737029845795,219),(13,1524962701,31618121338535879,722739937879988,219),(14,1524963001,31618174877734043,722742495297072,219),(15,1524963301,31618230752176495,722745158565881,219),(16,1524963601,31618282341948795,722747460690020,219),(17,1524963902,31618331301578463,722749493143278,219),(18,1524964201,31618384899700682,722751528465320,219),(19,1524964502,31618441609921559,722754241020481,219),(20,1524964802,31618499625256077,722756555844088,219),(21,1524965102,31618558094519675,722758378978697,219),(22,1524965402,31618613070648911,722759502747145,219),(23,1524965701,31618668477108936,722760648035274,219),(24,1524966002,31618724460502987,722762002924835,219),(25,1524966302,31618781446374564,722763389503820,219),(26,1524966602,31618845515694513,722765074355706,219),(27,1524966902,31618907127362543,722766501917968,219),(28,1524967201,31618973170272201,722768140754178,219),(29,1524967501,31619040976515136,722770104783584,219),(30,1524967801,31619109785200210,722772200868947,219),(31,1524968101,31619181054055794,722773590775331,219),(32,1524968401,31619250873704007,722774985224102,219),(33,1524968701,31619319416663339,722776387254815,219),(34,1524969001,31619393860526329,722778145510356,219),(35,1524969301,31619468978084142,722779947444944,219),(36,1524969601,31619545466958621,722781769011789,219),(37,1524969904,31619623431922313,722783817436641,219),(38,1524970201,31619704556824558,722785415592866,219),(39,1524970502,31619785688198271,722787421792136,219),(40,1524970802,31619871422312505,722788939855485,219),(41,1524971101,31619960825617704,722790904087886,219),(42,1524971401,31620052215353803,722793206250768,219),(43,1524971701,31620146003346341,722796229494205,219),(44,1524972001,31620238567452434,722797848228615,219),(45,1524972301,31620334654986227,722799498402256,219),(46,1524972602,31620436855292353,722801363063489,219),(47,1524972901,31620542133507762,722803584283027,219),(48,1524973201,31620648538146742,722805560116945,219),(49,1524973501,31620763656914985,722807995927521,219),(50,1524973802,31620882010951393,722810815695340,219),(51,1524974102,31621000105864748,722813511700556,219),(52,1524974401,31621119258244624,722816261493849,219),(53,1524974701,31621240952557242,722819011420907,219),(54,1524975002,31621366369836359,722822098196604,219),(55,1524975302,31621489204599423,722825106514514,219),(56,1524975602,31621620672070391,722828331618851,219),(57,1524975901,31621756544248488,722832170285730,219),(58,1524976202,31621896080476686,722837017887965,219),(59,1524976502,31622032430996072,722840759963282,219),(60,1524976801,31622164614409011,722843936408866,219),(61,1524977101,31622301330083374,722847267054608,219),(62,1524977401,31622442550165733,722850890887883,219),(63,1524977701,31622583885018535,722854227004396,219),(64,1524978001,31622732338726146,722857698700204,219),(65,1524978301,31622877250249274,722861586914073,219),(66,1524978601,31623027342262650,722864936240478,219),(67,1524978901,31623187196750518,722870240601190,219),(68,1524979201,31623352973959435,722876435066807,219),(69,1524979501,31623526299596959,722883382267479,219),(70,1524979801,31623696750654410,722889143656322,219),(71,1524980101,31623869226984407,722895129841411,219),(72,1524980401,31624043846857155,722900974019575,219),(73,1524980701,31624217853538751,722907366889969,219),(74,1524981001,31624394454915787,722914602106786,219),(75,1524981301,31624567856848113,722921205371287,219),(76,1524981601,31624748746137294,722927271268767,219),(77,1524981901,31624934822471379,722934324710492,219),(78,1524982202,31625116052603824,722942986255595,219),(79,1524982501,31625291414339728,722951277829255,219),(80,1524982801,31625472990119136,722960747190667,219),(81,1524983102,31625657660950061,722969672585268,219),(82,1524983401,31625847083440189,722979113782727,219),(83,1524983701,31626037791736833,722990480418358,219),(84,1524984002,31626235111807616,723002853492154,219),(85,1524984301,31626432039911759,723013601216021,219),(86,1524984601,31626625422876419,723024863969416,219),(87,1524984902,31626822279835825,723034925014271,219),(88,1524985201,31627017966219506,723045816082419,219),(89,1524985501,31627211945895600,723057206658217,219),(90,1524985801,31627395378587261,723068186861233,219),(91,1524986101,31627588822834327,723080801623245,219),(92,1524986401,31627790845368338,723092594895861,219),(93,1524986701,31627989201079283,723101701254291,219),(94,1524987001,31628185239494706,723112127496499,219),(95,1524987301,31628378324274593,723122666115481,219),(96,1524987601,31628574179591839,723133452825255,219),(97,1524987901,31628769837078332,723145208237033,219),(98,1524988201,31628971437266863,723158640339020,219),(99,1524988501,31629178185522079,723171453639020,219),(100,1524988801,31629383977162706,723183942316727,219),(101,1524989101,31629589860365936,723195358922045,219),(102,1524989402,31629797871480594,723209360421571,219),(103,1524989702,31630003178381277,723224793825537,219),(104,1524990002,31630203111630242,723241054027809,219),(105,1524990302,31630399276550466,723256261975618,219),(106,1524990602,31630592670403364,723269598116831,219),(107,1524990902,31630781942089003,723284003046483,219),(108,1524991202,31630978250477618,723296909242147,219),(109,1524991501,31631172624933791,723309403971523,219),(110,1524991801,31631369100638398,723322091606757,219),(111,1524992101,31631557679024918,723334991511727,219),(112,1524992402,31631760794465131,723347720412293,219),(113,1524992702,31631953003146007,723360891983696,219),(114,1524993001,31632146250892860,723373845830667,219),(115,1524993302,31632341240211377,723386673691390,219),(116,1524993601,31632533107278832,723401292265726,219),(117,1524993901,31632723928314194,723415162039826,219),(118,1524994201,31632922331627806,723428958017213,219),(119,1524994501,31633120578796365,723442796611507,219),(120,1524994801,31633319712964369,723456909888305,219),(121,1524995101,31633519365824295,723469993394900,219),(122,1524995401,31633724025527419,723482493039930,219),(123,1524995701,31633925425651473,723494259787179,219),(124,1524996001,31634129778869812,723507024202287,219),(125,1524996301,31634326803546161,723521032474102,219),(126,1524996601,31634530550470593,723533029009074,219),(127,1524996902,31634732451966795,723545772433513,219),(128,1524997202,31634928081498664,723558773143233,219),(129,1524997502,31635121335797309,723572853183367,219),(130,1524997802,31635326516458504,723587446201193,219),(131,1524998101,31635530853034307,723602062833423,219),(132,1524998402,31635731659996944,723616729164493,219),(133,1524998702,31635922286517634,723631078044224,219),(134,1524999001,31636124651426135,723645152874517,219),(135,1524999301,31636333975379852,723658686234673,219),(136,1524999601,31636537999442974,723671686957142,219),(137,1524999901,31636744054206376,723683931778192,219),(138,1525000201,31636959826859788,723695972362133,219),(139,1525000501,31637169994397691,723708281579895,219),(140,1525000801,31637376140118798,723721251220532,219),(141,1525001101,31637579241844797,723736077886541,219),(142,1525001402,31637787354688295,723749341552760,219),(143,1525001701,31637991808957757,723762259912561,219),(144,1525002002,31638194694686908,723775618213686,219),(145,1525002301,31638402607826867,723789715631836,219),(146,1525002601,31638616857447441,723803732386327,219),(147,1525002902,31638826168557917,723817796310621,219),(148,1525003201,31639041462283669,723831712536070,219),(149,1525003501,31639259235998346,723845205671986,219),(150,1525003801,31639474058039311,723858649444792,219),(151,1525004101,31639686018970163,723870329193886,219),(152,1525004401,31639897414365350,723883315338672,219),(153,1525004701,31640112582243191,723898043438043,219),(154,1525005001,31640326106148106,723912428454208,219),(155,1525005302,31640537653187112,723926678267552,219),(156,1525005601,31640740141187952,723939395705643,219),(157,1525005901,31640946263854956,723953431115661,219),(158,1525006202,31641154021657356,723968024180516,219),(159,1525006502,31641359848206441,723981650111140,219),(160,1525006802,31641559821354921,723995300613601,219),(161,1525007102,31641764686202470,724010709256034,219),(162,1525007402,31641965120336876,724025480067965,219),(163,1525007702,31642170328937053,724039519674364,219),(164,1525008001,31642378578887186,724055074295546,219),(165,1525008301,31642584752343969,724070146563296,219),(166,1525008601,31642796516510580,724084825821728,219),(167,1525008901,31643011865362649,724100961631531,219),(168,1525009201,31643226843517666,724117575932594,219),(169,1525009501,31643446267839376,724134266656469,219),(170,1525009801,31643668568711271,724149444573358,219),(171,1525010102,31643888464471164,724165295546180,219),(172,1525010401,31644112736923053,724182254257466,219),(173,1525010702,31644332778322823,724198356450246,219),(174,1525011001,31644553390692254,724214166649885,219),(175,1525011301,31644773578871010,724229101587267,219),(176,1525011602,31644986472803494,724246913897678,219),(177,1525011901,31645203907756546,724264947436695,219),(178,1525012202,31645431761039798,724283767271245,219),(179,1525012502,31645648760857628,724301647838931,219),(180,1525012801,31645872706252521,724320152733307,219),(181,1525013101,31646096735562680,724338259400011,219),(182,1525013401,31646315136601937,724355116099924,219),(183,1525013701,31646540102386810,724373111655394,219),(184,1525014001,31646762827503215,724390405690622,219),(185,1525014302,31646982132227775,724408056792652,219),(186,1525014601,31647198451393034,724424448539766,219),(187,1525014901,31647419542879813,724441603979886,219),(188,1525015201,31647651158578680,724458595689288,219),(189,1525015501,31647891416246019,724476525556396,219),(190,1525015801,31648137912744006,724493989315949,219),(191,1525016101,31648387860922141,724512175238734,219),(192,1525016401,31648643644426449,724528769869611,219),(193,1525016701,31648911677468408,724545756662115,219),(194,1525017001,31649170625428324,724563522183139,219),(195,1525017301,31649427069940656,724583242985768,219),(196,1525017602,31649691639767924,724604573800447,219),(197,1525017901,31649945236727806,724625950484004,219),(198,1525018202,31650201430587126,724647130031912,219),(199,1525018501,31650456969958672,724668817767417,219),(200,1525018802,31650708843415659,724689386206662,219),(201,1525019101,31650956115859513,724709116371006,219),(202,1525019401,31651201014539675,724728291266429,219),(203,1525019702,31651444243999580,724748596114283,219),(204,1525020001,31651683030215913,724768942162734,219),(205,1525020301,31651928571476384,724789334535093,219),(206,1525020602,31652170508870866,724808583444505,219),(207,1525020901,31652413919453264,724825469614139,219),(208,1525021201,31652658863738587,724842980972200,219),(209,1525021501,31652910043454086,724860828781289,219),(210,1525021801,31653159200061818,724878206553347,219),(211,1525022101,31653413730868474,724894954762393,219),(212,1525022401,31653660731307397,724912786376701,219),(213,1525022701,31653897474424426,724930735577990,219),(214,1525023001,31654123123277943,724948619404387,219),(215,1525023301,31654355061716163,724967025139247,219),(216,1525023601,31654585776105243,724985361035002,219),(217,1525023901,31654816267822534,725002624177786,219),(218,1525024201,31655046091868787,725018185567796,219),(219,1525024501,31655269383973375,725033371131858,219),(220,1525024801,31655488738077054,725049365897701,219),(221,1525025101,31655708380967460,725065892577017,219),(222,1525025401,31655928631597458,725082457820309,219),(223,1525025701,31656143994504120,725099552091386,219),(224,1525026001,31656358440732643,725117483625380,219),(225,1525026301,31656566707556673,725135608419540,219),(226,1525026601,31656773244452660,725152255273923,219),(227,1525026901,31656981710760959,725168170997349,219),(228,1525027201,31657186061233373,725184352271797,219),(229,1525027501,31657394024435126,725198796286673,219),(230,1525027801,31657601551473168,725212877160324,219),(231,1525028101,31657801156734249,725227357543331,219),(232,1525028401,31657991093684101,725241507613603,219),(233,1525028701,31658182448783327,725255688794610,219),(234,1525029001,31658362840027971,725268977985098,219),(235,1525029301,31658546584020690,725282800429521,219),(236,1525029493,31658662079675935,725291351992499,219),(237,1525029601,31658725241005867,725296477277116,219),(238,1525029901,31658904921869926,725311159707748,219),(239,1525030201,31659079863612754,725324580657205,219),(240,1525030501,31659250023624574,725336940692625,219),(241,1525030801,31659411341724843,725348112762524,219),(242,1525031101,31659572070008828,725359814079481,219),(243,1525031401,31659737020647581,725371209374716,219),(244,1525031701,31659898563263252,725382624260604,219),(245,1525032001,31660057812072770,725394719735018,219),(246,1525032301,31660211771981550,725407080809962,219),(247,1525032601,31660368726123392,725418371911025,219),(248,1525032901,31660521237552541,725429230220479,219),(249,1525033201,31660661586448828,725440198657757,219),(250,1525033501,31660798327177577,725449964588030,219),(251,1525033801,31660936291689058,725460049548998,219),(252,1525034102,31661073083647885,725469274111829,219),(253,1524960901,20969211455724368,15802460500398121,625),(254,1524961201,20969286588357698,15802483467267339,625),(255,1524961501,20969360689218569,15802506315312962,625),(256,1524961801,20969433422167309,15802528746437974,625),(257,1524962101,20969510398157660,15802551664914668,625),(258,1524962401,20969588956568494,15802573376034827,625),(259,1524962701,20969669365549968,15802596004727499,625),(260,1524963001,20969747341494400,15802617457515406,625),(261,1524963301,20969827857880441,15802638867116916,625),(262,1524963601,20969909302050616,15802660442128670,625),(263,1524963902,20969994312931651,15802681600746511,625),(264,1524964201,20970081302149429,15802704282977495,625),(265,1524964502,20970172090774561,15802727862040035,625),(266,1524964802,20970262875910392,15802750931677485,625),(267,1524965102,20970356486296732,15802773709411769,625),(268,1524965402,20970448807513494,15802797423610198,625),(269,1524965701,20970541450647389,15802820850895001,625),(270,1524966002,20970639575493918,15802843612348874,625),(271,1524966302,20970738133421004,15802867051073251,625),(272,1524966602,20970840216846735,15802891065002540,625),(273,1524966902,20970947054601914,15802914682022417,625),(274,1524967201,20971054316422548,15802937506284088,625),(275,1524967501,20971162205858453,15802959097252415,625),(276,1524967801,20971270329710141,15802981104382277,625),(277,1524968101,20971381915997802,15803001841726463,625),(278,1524968401,20971499668183301,15803023212330587,625),(279,1524968701,20971614832842349,15803045300921977,625),(280,1524969001,20971733555830826,15803067447714784,625),(281,1524969301,20971851629474465,15803090398735712,625),(282,1524969601,20971972624860392,15803113018049151,625),(283,1524969904,20972100135939991,15803135557078479,625),(284,1524970201,20972229264921171,15803158571684945,625),(285,1524970502,20972355663324356,15803180772214012,625),(286,1524970802,20972484610938243,15803201967371065,625),(287,1524971101,20972618812183222,15803225477879778,625),(288,1524971401,20972762524604233,15803248533988345,625),(289,1524971701,20972906664874127,15803271979590828,625),(290,1524972001,20973058554714093,15803296469438905,625),(291,1524972301,20973214093429030,15803322873769533,625),(292,1524972602,20973371147940303,15803347429546331,625),(293,1524972902,20973531212535379,15803371690808649,625),(294,1524973201,20973690890255628,15803396262148202,625),(295,1524973501,20973849824501882,15803422220885615,625),(296,1524973802,20974010292687575,15803446953068103,625),(297,1524974102,20974179210487191,15803472139646306,625),(298,1524974401,20974354678453532,15803497558069754,625),(299,1524974701,20974529318638657,15803524177076538,625),(300,1524975002,20974713227340078,15803551049389743,625),(301,1524975302,20974901875484485,15803577920946908,625),(302,1524975602,20975092423679732,15803604045673855,625),(303,1524975901,20975284836310652,15803629855073946,625),(304,1524976202,20975474705603799,15803655643262784,625),(305,1524976502,20975670944860692,15803681042323362,625),(306,1524976802,20975864624550855,15803709144610834,625),(307,1524977101,20976055529160249,15803736676778294,625),(308,1524977401,20976255857198267,15803764243887095,625),(309,1524977701,20976455964148915,15803794007238259,625),(310,1524978001,20976659517942786,15803822765784852,625),(311,1524978301,20976863878124252,15803851994118550,625),(312,1524978601,20977068857294848,15803881230405076,625),(313,1524978901,20977275842823922,15803911576559807,625),(314,1524979201,20977488930288671,15803943583983964,625),(315,1524979501,20977703239871642,15803976589664074,625),(316,1524979801,20977924374712167,15804010607909442,625),(317,1524980101,20978155134292996,15804043888343235,625),(318,1524980401,20978382220755806,15804078567597238,625),(319,1524980701,20978610522584815,15804114150022202,625),(320,1524981001,20978842739198333,15804150652996498,625),(321,1524981301,20979073796719146,15804185891149505,625),(322,1524981601,20979301741376610,15804220951591464,625),(323,1524981901,20979534255217675,15804256227286502,625),(324,1524982202,20979763477057510,15804290932382556,625),(325,1524982501,20979995248836928,15804325418185716,625),(326,1524982801,20980233187046891,15804361108266420,625),(327,1524983102,20980465055045393,15804398761620429,625),(328,1524983401,20980711805614368,15804437268205083,625),(329,1524983701,20980959557626905,15804477091995719,625),(330,1524984002,20981207791840586,15804518127493062,625),(331,1524984301,20981458039783300,15804558366139401,625),(332,1524984601,20981705155517343,15804599345911098,625),(333,1524984902,20981951389789521,15804641187447057,625),(334,1524985201,20982192207859586,15804682547496188,625),(335,1524985501,20982435690038314,15804724180785922,625),(336,1524985801,20982682570163551,15804765727213517,625),(337,1524986101,20982930488248088,15804807571914295,625),(338,1524986401,20983187217798513,15804849799639802,625),(339,1524986701,20983442985201352,15804893627045567,625),(340,1524987001,20983695167607487,15804937895117470,625),(341,1524987301,20983948996387649,15804982371790514,625),(342,1524987601,20984198045437368,15805027106821846,625),(343,1524987901,20984449489830284,15805073224110529,625),(344,1524988201,20984699905495167,15805120311211657,625),(345,1524988501,20984954227691122,15805165820986379,625),(346,1524988801,20985210391174442,15805211321758154,625),(347,1524989101,20985467373462497,15805256726098098,625),(348,1524989402,20985723599247398,15805302543623589,625),(349,1524989702,20985981489068444,15805347509115366,625),(350,1524990002,20986220483166039,15805393928715709,625),(351,1524990302,20986441737193474,15805439468640231,625),(352,1524990602,20986665580396549,15805485051365153,625),(353,1524990902,20986889503195510,15805532599234533,625),(354,1524991202,20987115147768610,15805580676171810,625),(355,1524991501,20987337316186734,15805627509411534,625),(356,1524991801,20987557363273368,15805673577787234,625),(357,1524992101,20987775849852382,15805719354384348,625),(358,1524992402,20987997359538250,15805763904892971,625),(359,1524992702,20988220630154829,15805808619917134,625),(360,1524993001,20988439508882762,15805853770974779,625),(361,1524993302,20988656810724962,15805897912046208,625),(362,1524993601,20988880412044504,15805934497591315,625),(363,1524993901,20989100086135195,15805976985413809,625),(364,1524994201,20989319137877958,15806018501264309,625),(365,1524994501,20989537407789285,15806061670045225,625),(366,1524994801,20989767388624904,15806106282365129,625),(367,1524995101,20989992656894916,15806152361534322,625),(368,1524995401,20990216373635465,15806198324220680,625),(369,1524995701,20990442506297297,15806243482994880,625),(370,1524996001,20990673373052739,15806288989992539,625),(371,1524996301,20990900828466394,15806337225713397,625),(372,1524996601,20991131713547838,15806387657297002,625),(373,1524996902,20991364349980792,15806437637680844,625),(374,1524997202,20991591353583803,15806487248614809,625),(375,1524997502,20991810574184735,15806537889930782,625),(376,1524997802,20992035224473396,15806588275942007,625),(377,1524998101,20992268082695538,15806639928975372,625),(378,1524998402,20992499836310928,15806689780048307,625),(379,1524998702,20992726988072243,15806736864500604,625),(380,1524999001,20992960129620228,15806785835570340,625),(381,1524999301,20993197108957560,15806834358786447,625),(382,1524999601,20993429398214831,15806884026567296,625),(383,1524999901,20993662503514168,15806932432698204,625),(384,1525000201,20993897409260686,15806980529776969,625),(385,1525000501,20994132607145199,15807029512904789,625),(386,1525000801,20994366014128070,15807077690075137,625),(387,1525001101,20994598423803955,15807127700561269,625),(388,1525001402,20994832989302070,15807176887372765,625),(389,1525001701,20995068606757931,15807229277399795,625),(390,1525002002,20995302227222451,15807280200713009,625),(391,1525002301,20995545422175607,15807330936736129,625),(392,1525002601,20995780912443678,15807382363111252,625),(393,1525002902,20996018773480100,15807433229136659,625),(394,1525003201,20996253035395884,15807484259551537,625),(395,1525003501,20996491305583713,15807538335981636,625),(396,1525003801,20996730262191071,15807592861113188,625),(397,1525004101,20996968785229560,15807646367013527,625),(398,1525004401,20997204090685312,15807699338397747,625),(399,1525004701,20997445435989428,15807749766174002,625),(400,1525005001,20997670001465626,15807801195040332,625),(401,1525005302,20997897876792659,15807854400168012,625),(402,1525005601,20998128095101629,15807907662187393,625),(403,1525005901,20998360785615356,15807961149160791,625),(404,1525006202,20998594155322910,15808015534219231,625),(405,1525006502,20998829558135404,15808067658524574,625),(406,1525006802,20999067200014670,15808117911309967,625),(407,1525007102,20999295568169193,15808168294765930,625),(408,1525007402,20999523169316610,15808217945566618,625),(409,1525007702,20999751767033445,15808268889471636,625),(410,1525008001,20999984998637071,15808320944718823,625),(411,1525008301,21000216969972441,15808373264160060,625),(412,1525008601,21000456355408255,15808424833137276,625),(413,1525008901,21000695267542801,15808477166891785,625),(414,1525009201,21000934466500978,15808528999612176,625),(415,1525009501,21001173699950667,15808582668391907,625),(416,1525009801,21001417813600961,15808638182285638,625),(417,1525010102,21001653942370652,15808692768862576,625),(418,1525010401,21001889477887391,15808747830805972,625),(419,1525010702,21002118607871012,15808803870999585,625),(420,1525011001,21002354791424354,15808858934328685,625),(421,1525011301,21002597215503632,15808912840406570,625),(422,1525011602,21002838295589499,15808964596599590,625),(423,1525011901,21003074321816721,15809016165967507,625),(424,1525012202,21003317131663557,15809067790210200,625),(425,1525012502,21003559522192619,15809120140855845,625),(426,1525012801,21003805701646757,15809171025177253,625),(427,1525013101,21004058734518675,15809223702241112,625),(428,1525013401,21004301727986708,15809278546028160,625),(429,1525013701,21004540383430925,15809327486803007,625),(430,1525014001,21004780564245582,15809369046076636,625),(431,1525014302,21005025888594375,15809422710654755,625),(432,1525014601,21005274305523669,15809476717159038,625),(433,1525014901,21005525075033366,15809530302385674,625),(434,1525015201,21005778512586392,15809584441104737,625),(435,1525015501,21006031830771106,15809639954380546,625),(436,1525015801,21006292919837501,15809696699264049,625),(437,1525016101,21006561245114863,15809754599181497,625),(438,1525016401,21006838724758632,15809816000389106,625),(439,1525016701,21007110736630243,15809877213770720,625),(440,1525017001,21007384615405646,15809936761801187,625),(441,1525017301,21007659956805860,15809996283256008,625),(442,1525017602,21007940256330523,15810055374537215,625),(443,1525017901,21008218344413371,15810115352760317,625),(444,1525018202,21008498097605422,15810177789553323,625),(445,1525018501,21008773336148416,15810238864419357,625),(446,1525018802,21009049210674525,15810302185050763,625),(447,1525019101,21009328727734737,15810367327091545,625),(448,1525019401,21009609200421789,15810435460210948,625),(449,1525019702,21009875494066628,15810501800304850,625),(450,1525020001,21010146522908060,15810567464818891,625),(451,1525020301,21010418728583199,15810633822269217,625),(452,1525020602,21010699626036456,15810700688705813,625),(453,1525020901,21010979541045057,15810766711854753,625),(454,1525021201,21011261326025918,15810820295435582,625),(455,1525021501,21011537193111148,15810883220468020,625),(456,1525021801,21011816829037733,15810945309318152,625),(457,1525022101,21012094967663383,15811009092901739,625),(458,1525022402,21012373523386958,15811073159015840,625),(459,1525022701,21012647278122306,15811131559487728,625),(460,1525023001,21012922099129633,15811187848568141,625),(461,1525023301,21013188608654739,15811244323389476,625),(462,1525023601,21013459249500816,15811300092404974,625),(463,1525023901,21013729806978728,15811355070835616,625),(464,1525024201,21013996837753466,15811410012791331,625),(465,1525024501,21014269310297422,15811464983026041,625),(466,1525024801,21014539840354184,15811520460501102,625),(467,1525025101,21014806557020402,15811576289685698,625),(468,1525025401,21015077243139747,15811632129512637,625),(469,1525025701,21015346167419157,15811688496399633,625),(470,1525026001,21015606430264340,15811745265438793,625),(471,1525026301,21015868640071262,15811801868291200,625),(472,1525026601,21016124066998489,15811857477840942,625),(473,1525026901,21016381934568076,15811914095522457,625),(474,1525027201,21016633224199005,15811971922224016,625),(475,1525027501,21016883149128905,15812026328087878,625),(476,1525027801,21017130741715812,15812081042816765,625),(477,1525028101,21017375904174308,15812138755866445,625),(478,1525028401,21017621250932098,15812197045276879,625),(479,1525028701,21017871550584521,15812253568845488,625),(480,1525029001,21018114795615286,15812311466548135,625),(481,1525029301,21018356926655214,15812368031887390,625),(482,1525029493,21018509125671141,15812403624962082,625),(483,1525029601,21018592078531746,15812423581759772,625),(484,1525029901,21018821094901145,15812479575588249,625),(485,1525030201,21019048062887390,15812533587965293,625),(486,1525030501,21019272163292391,15812586189789518,625),(487,1525030801,21019490454542204,15812639890126670,625),(488,1525031101,21019702368199307,15812694086172708,625),(489,1525031401,21019912771262264,15812747090794915,625),(490,1525031701,21020117493784802,15812798718045940,625),(491,1525032001,21020311298984969,15812850342177007,625),(492,1525032301,21020502116060647,15812903700634018,625),(493,1525032601,21020686671074256,15812956423499946,625),(494,1525032901,21020867133227248,15813007267378839,625),(495,1525033201,21021042088152427,15813058786228054,625),(496,1525033501,21021213005623243,15813108915740568,625),(497,1525033801,21021383974230243,15813158675046491,625),(498,1525034102,21021549252473193,15813209808893571,625),(499,1525034401,13294206970551001,816445721570405,106),(500,1525034701,13294327153437339,816452645908515,106),(501,1525035001,13294447999046765,816458668300888,106),(502,1525035301,13294565041876131,816465097863791,106),(503,1525035602,13294677088605081,816471114596018,106),(504,1525035901,13294781118490748,816476607710113,106),(505,1525036201,13294884649170390,816482518197320,106),(506,1525036501,13294983318421613,816487749791372,106),(507,1525036801,13295079704116348,816493154795860,106),(508,1525037101,13295171457843615,816498517512319,106),(509,1525037401,13295259946576477,816504368018572,106),(510,1525037701,13295348430120168,816509814040696,106),(511,1525038001,13295431249001336,816515605332954,106),(512,1525038301,13295510131492122,816520696315981,106),(513,1525038601,13295592967402703,816526030531609,106),(514,1525038901,13295667347756205,816530904269317,106),(515,1525039201,13295745690644607,816535866075359,106),(516,1525039502,13295820318388989,816540778630244,106),(517,1525039801,13295886438321909,816545698481695,106),(518,1525040101,13295953570717072,816550645083091,106),(519,1525040402,13296021411676322,816555554348914,106),(520,1525040701,13296086408826289,816560201461621,106),(521,1525041001,13296156537215187,816564332899443,106),(522,1525041301,13296224957887033,816568205222607,106),(523,1525041602,13296291886663321,816572828957469,106),(524,1525041901,13296346818415522,816577040355039,106),(525,1525042201,13296396649165333,816580767639549,106),(526,1525042501,13296451480875290,816584343103725,106),(527,1525042801,13296501361318171,816588125176276,106),(528,1525043101,13296552000371582,816591719048311,106),(529,1525043401,13296598868276083,816595333027090,106),(530,1525043701,13296652255136974,816598658046648,106),(531,1525044001,13296700502957995,816603342535656,106),(532,1525044301,13296747806020349,816607648810048,106),(533,1525044601,13296791392750688,816611483016498,106),(534,1525044901,13296833578113599,816614623502724,106),(535,1525045201,13296878823852718,816617428007637,106),(536,1525045501,13296927745311198,816620600719511,106),(537,1525045801,13296970513637200,816623675634111,106),(538,1525046101,13297011603202824,816626726580368,106),(539,1525046401,13297054317103976,816630715906337,106),(540,1525046701,13297098848887018,816634518971816,106),(541,1525047001,13297144830369119,816638492343710,106),(542,1525047301,13297191701506066,816642467065164,106),(543,1525047601,13297239402828221,816646518552100,106),(544,1525047901,13297286247614823,816650848193130,106),(545,1525048201,13297332741911359,816656212093530,106),(546,1525048501,13297375505003306,816661561233214,106),(547,1525048801,13297426215845724,816666909665027,106),(548,1525049101,13297478723847484,816671857684474,106),(549,1525049401,13297533314804987,816676475071128,106),(550,1525049701,13297588740344469,816681706217971,106),(551,1525050001,13297644035624488,816686961086301,106),(552,1525050301,13297703231148286,816691758610537,106),(553,1525050601,13297773495185764,816696580335022,106),(554,1525050901,13297849574063028,816701358469903,106),(555,1525051201,13297921781859287,816706148690283,106),(556,1525051501,13297996818392248,816710768553461,106),(557,1525051801,13298068624893385,816714475143393,106),(558,1525052101,13298144688784510,816718491498191,106),(559,1525052401,13298231727050836,816723004560360,106),(560,1525052701,13298320699217127,816727066324489,106),(561,1525053001,13298416523542734,816731730140193,106),(562,1525053301,13298512452426720,816736155483075,106),(563,1525053601,13298613175626854,816741747339405,106),(564,1525053901,13298711818097398,816747441399552,106),(565,1525054201,13298811548180128,816753639022488,106),(566,1525054501,13298911863200898,816760640386583,106),(567,1525054801,13299021309453886,816768923627362,106),(568,1525055101,13299134805858292,816776378060389,106),(569,1525055401,13299251336749332,816783136996137,106),(570,1525055701,13299380270827244,816790884503529,106),(571,1525056001,13299513795787889,816799112740958,106),(572,1525056301,13299646603680771,816806681562586,106),(573,1525056601,13299792751158111,816814404740980,106),(574,1525056901,13299941743569599,816820126304385,106),(575,1525057201,13300093803266145,816825549969162,106),(576,1525057502,13300252932390298,816832763494194,106),(577,1525057801,13300406557933719,816840506343346,106),(578,1525058101,13300568124340821,816847874674257,106),(579,1525058401,13300736596891541,816856031192390,106),(580,1525058701,13300909632838580,816863622369664,106),(581,1525059001,13301077672826251,816871660888772,106),(582,1525059301,13301243336440905,816879884513823,106),(583,1525059601,13301436611815615,816887720444180,106),(584,1525059901,13301624179726902,816896019830981,106),(585,1525060201,13301821182737926,816903589201183,106),(586,1525060501,13302018707467356,816911052077106,106),(587,1525060801,13302226860061211,816918862553197,106),(588,1525061101,13302427135175078,816926834980466,106),(589,1525061401,13302634633812099,816936408897128,106),(590,1525061701,13302841318950012,816946020517653,106),(591,1525062001,13303063370051989,816955866771252,106),(592,1525062301,13303278077116966,816965576762428,106),(593,1525062601,13303499495169184,816975966477440,106),(594,1525062901,13303717466477129,816985184143807,106),(595,1525063201,13303935470414214,816995011826851,106),(596,1525063501,13304158420189501,817004288319792,106),(597,1525063801,13304389515454352,817013315146998,106),(598,1525064101,13304612693056854,817022971566223,106),(599,1525064401,13304837596488778,817033028830492,106),(600,1525064701,13305072465919135,817044027128924,106),(601,1525065001,13305311427174348,817055324562658,106),(602,1525065301,13305554323773558,817066983158641,106),(603,1525065601,13305791612205744,817079019470830,106),(604,1525065901,13306033277080029,817089760602363,106),(605,1525066201,13306281775885579,817098969250330,106),(606,1525066501,13306515322205436,817108208130656,106),(607,1525066801,13306748971643632,817118321513442,106),(608,1525067102,13306983753299144,817128252998574,106),(609,1525067402,13307234123226436,817137834888963,106),(610,1525067702,13307477322487758,817146845026195,106),(611,1525068002,13307723068830698,817155986082694,106),(612,1525068301,13307979737116676,817165747849218,106),(613,1525068601,13308241708398277,817176964132375,106),(614,1525068901,13308495433888882,817188922192074,106),(615,1525069201,13308742415782970,817200217310846,106),(616,1525069502,13308993814485687,817210610102726,106),(617,1525069801,13309257025485487,817220772768599,106),(618,1525070101,13309498641873369,817235108628029,106),(619,1525070401,13309743992669530,817260674327461,106),(620,1525070701,13309998192248594,817276331182176,106),(621,1525071002,13310262266026986,817289575630547,106),(622,1525071301,13310527316708841,817300681917625,106),(623,1525071601,13310795850089596,817310940331840,106),(624,1525071901,13311058439291949,817321166726408,106),(625,1525072201,13311320824474716,817331230898557,106),(626,1525072501,13311584672257426,817341194622476,106),(627,1525072801,13311850823096079,817351890520194,106),(628,1525073101,13312114024184078,817361585948037,106),(629,1525073401,13312376421865407,817371829648447,106),(630,1525073701,13312647691694163,817381844990873,106),(631,1525074002,13312912226363747,817393291790559,106),(632,1525074301,13313177470032847,817403834902241,106),(633,1525074601,13313454985594953,817414186552781,106),(634,1525074901,13313719440787507,817425287600064,106),(635,1525075201,13313990973217618,817435056735189,106),(636,1525075501,13314266366442744,817443657857321,106),(637,1525075801,13314538409448756,817452962849659,106),(638,1525076101,13314816268842041,817461803351950,106),(639,1525076401,13315098180898731,817470875029634,106),(640,1525076701,13315375972931043,817480272818879,106),(641,1525077001,13315645638186869,817491306944558,106),(642,1525077301,13315908758227699,817503495727816,106),(643,1525077601,13316181919924912,817516343646302,106),(644,1525077901,13316448784243159,817529524586207,106),(645,1525078201,13316730703217322,817544561574838,106),(646,1525078501,13317014503313383,817556310701335,106),(647,1525078801,13317294848456745,817567992694811,106),(648,1525079101,13317578787856631,817579009058062,106),(649,1525079401,13317867346995446,817590520507751,106),(650,1525079701,13318146959442932,817600344076486,106),(651,1525080001,13318422631647494,817610441715543,106),(652,1525080301,13318685381438857,817621202753101,106),(653,1525080601,13318960232135266,817631121288309,106),(654,1525080901,13319236481042256,817640830117313,106),(655,1525081201,13319508383429933,817650163076030,106),(656,1525081501,13319776954392388,817659473445727,106),(657,1525081801,13320045513564938,817669033333611,106),(658,1525082101,13320319426972304,817678480021870,106),(659,1525082401,13320601092294921,817688622540078,106),(660,1525082701,13320875346588771,817697940588808,106),(661,1525083001,13321152577980122,817707569481385,106),(662,1525083301,13321432519751397,817716761682526,106),(663,1525083601,13321708858008459,817726226254602,106),(664,1525083901,13321984074076013,817735290013553,106),(665,1525084201,13322262450457647,817744233110180,106),(666,1525084501,13322540174500932,817753913936738,106),(667,1525084801,13322827356647971,817763462569041,106),(668,1525085101,13323117324217275,817772921774473,106),(669,1525085401,13323415855483513,817782462119894,106),(670,1525085701,13323698382650818,817791892173288,106),(671,1525086001,13323995681650683,817802804910235,106),(672,1525086301,13324268124096629,817813185082318,106),(673,1525086601,13324538158808051,817824003138595,106),(674,1525086901,13324806104355056,817834303870736,106),(675,1525087201,13325074516283297,817843366099107,106),(676,1525087501,13325345481114374,817852148894312,106),(677,1525087801,13325613305857871,817861364161667,106),(678,1525088101,13325876582339122,817870381986296,106),(679,1525088402,13326143577231958,817880177828462,106),(680,1525088701,13326407714360404,817889552557781,106),(681,1525089001,13326672422196061,817898897177143,106),(682,1525089301,13326934685289925,817908224210889,106),(683,1525089601,13327204824588740,817918270711356,106),(684,1525089901,13327466581643272,817927947422137,106),(685,1525090201,13327736453448253,817937536748977,106),(686,1525090501,13328002862478268,817947148390039,106),(687,1525090801,13328274428603452,817956293668694,106),(688,1525091101,13328547576621369,817965009716574,106),(689,1525091401,13328819368689168,817974583686336,106),(690,1525091701,13329090643607758,817984277448817,106),(691,1525092001,13329366213029386,817994859582711,106),(692,1525092302,13329637792858059,818004801395342,106),(693,1525092602,13329908077579130,818015799727707,106),(694,1525092902,13330177261448105,818026595549290,106),(695,1525093201,13330450250882262,818037523710623,106),(696,1525093501,13330723309001535,818048452684776,106),(697,1525093802,13331003671811553,818060665061221,106),(698,1525094101,13331277808545027,818072479325697,106),(699,1525094401,13331557541472407,818085283424912,106),(700,1525094701,13331832245340385,818097468491253,106),(701,1525095001,13332113020812453,818110669655770,106),(702,1525095301,13332397091142477,818124481545387,106),(703,1525095601,13332689408748080,818136416930120,106),(704,1525095901,13332977170474663,818147775580159,106),(705,1525096201,13333267365075754,818159383442270,106),(706,1525096501,13333552782303059,818171089468958,106),(707,1525096801,13333843754202421,818182217854307,106),(708,1525097101,13334130723260991,818193121241906,106),(709,1525097401,13334422925214592,818203705966432,106),(710,1525097701,13334717265719780,818215007937464,106),(711,1525098001,13335020106149532,818229568259519,106),(712,1525098301,13335317446132910,818241952621199,106),(713,1525098601,13335627620591912,818253965656176,106),(714,1525098901,13335928551109119,818266307990233,106),(715,1525099201,13336242048632058,818277495765588,106),(716,1525099501,13336563309972824,818289359811685,106),(717,1525099801,13336885465816099,818302467357276,106),(718,1525100101,13337209461136041,818316621233756,106),(719,1525100401,13337542863303430,818330352283813,106),(720,1525100701,13337883974023244,818345107056427,106),(721,1525101001,13338232407871026,818360420819000,106),(722,1525101302,13338586010053212,818375718934240,106),(723,1525101602,13338944014645325,818391494856860,106),(724,1525101902,13339307160687524,818406517686182,106),(725,1525102201,13339676948528681,818421881599326,106),(726,1525102501,13340056059594581,818437704478696,106),(727,1525102801,13340440820981076,818455334380065,106),(728,1525103101,13340825446942545,818473939639534,106),(729,1525103401,13341225564561445,818491559743971,106),(730,1525103701,13341628265201736,818510521387189,106),(731,1525104001,13342029949946549,818529579603910,106),(732,1525104302,13342445537424317,818547510624988,106),(733,1525104601,13342863630545974,818565893378555,106),(734,1525104901,13343277045185904,818585378245245,106),(735,1525105201,13343701430638164,818604931756020,106),(736,1525105501,13344119801387772,818624291716960,106),(737,1525105801,13344539718459822,818644101846528,106),(738,1525106101,13344949890160628,818662220968165,106),(739,1525106401,13345364592947832,818681959813367,106),(740,1525106701,13345768816210931,818700379242506,106),(741,1525107002,13346175279557475,818718591244959,106),(742,1525107301,13346568010676341,818736838053375,106),(743,1525107602,13346961283790188,818754834714522,106),(744,1525107902,13347357120012797,818773343115259,106),(745,1525108201,13347756952799976,818790725669309,106),(746,1525108501,13348148840402212,818809029652940,106),(747,1525108801,13348529986444784,818828179360726,106),(748,1525109101,13348896471565303,818846639708045,106),(749,1525109402,13349263579816437,818863553373374,106),(750,1525109701,13349631326506326,818880488750268,106),(751,1525110001,13349997234188301,818896924113433,106),(752,1525110301,13350351414570685,818912374853471,106),(753,1525110601,13350704344081231,818926583672174,106),(754,1525110901,13351033807298950,818940030103290,106),(755,1525111201,13351356320803480,818953285034821,106),(756,1525111501,13351673081553118,818966245316533,106),(757,1525111801,13351987147334235,818979314697020,106),(758,1525112101,13352291154094768,818991668451541,106),(759,1525112401,13352593534406559,819003468474471,106),(760,1525112701,13352887209573521,819015954895228,106),(761,1525113001,13353172997436053,819028386436812,106),(762,1525113302,13353447347056745,819039898718060,106),(763,1525113602,13353719166051180,819051707771063,106),(764,1525113901,13353986231557112,819062437496238,106),(765,1525114201,13354249405339601,819073341452955,106),(766,1525114501,13354502503240525,819083221372193,106),(767,1525114801,13354754343877765,819092585495451,106),(768,1525115101,13355000277597658,819101158081201,106),(769,1525115401,13355256128789206,819109922505986,106),(770,1525115701,13355497296157488,819119369617018,106),(771,1525116001,13355739670162052,819127827051275,106),(772,1525116301,13355975335548986,819135863853421,106),(773,1525116601,13356211228627143,819143750881428,106),(774,1525116901,13356429351960659,819152556566503,106),(775,1525117202,13356641033136931,819160732775611,106),(776,1525117501,13356849339135993,819169242851706,106),(777,1525117801,13357045332178160,819177944062228,106),(778,1525118101,13357230333957117,819186335967264,106),(779,1525118402,13357412207749854,819195227589565,106),(780,1525118701,13357579134652662,819202840668348,106),(781,1525119001,13357743946883181,819210378985648,106),(782,1525119301,13357904834544410,819217175018477,106),(783,1525119601,13358058479003352,819223473704177,106),(784,1525119902,13358208042575909,819229822895982,106),(785,1525120202,13358361772881445,819236669983718,106),(786,1525120502,13358502815928767,819244404581493,106),(787,1525120801,13358648704317294,819251401639188,106),(788,1525121101,13358788257269588,819257583136745,106),(789,1525121402,13358921067275605,819264220321759,106),(790,1525121701,13359049685062705,819270178975007,106),(791,1525122001,13359171715928539,819275380509686,106),(792,1525034401,31661203795649090,725478590425729,219),(793,1525034701,31661328295184990,725488295923415,219),(794,1525035001,31661444713917506,725496758708678,219),(795,1525035301,31661559704578714,725504468279704,219),(796,1525035602,31661672024537587,725512257329738,219),(797,1525035901,31661779420324655,725519811870394,219),(798,1525036201,31661885589846651,725527077425520,219),(799,1525036501,31661985019593518,725534823442644,219),(800,1525036801,31662080698606416,725542308978215,219),(801,1525037101,31662175864894446,725549315449204,219),(802,1525037401,31662262268788669,725557183076828,219),(803,1525037701,31662353592359729,725565349145567,219),(804,1525038001,31662437895118523,725573149370957,219),(805,1525038301,31662518234053093,725581159741499,219),(806,1525038601,31662600354493817,725588980847788,219),(807,1525038901,31662680461749968,725595036702274,219),(808,1525039201,31662760831145349,725600819823240,219),(809,1525039502,31662835729085257,725606517916464,219),(810,1525039801,31662909116525186,725612344481631,219),(811,1525040101,31662980111193740,725618454972361,219),(812,1525040402,31663049201996219,725624036302537,219),(813,1525040702,31663117115819195,725629069315100,219),(814,1525041001,31663181382734354,725634146802874,219),(815,1525041301,31663240974625999,725639381550742,219),(816,1525041602,31663301148325280,725645018638517,219),(817,1525041901,31663358076730936,725650349902575,219),(818,1525042201,31663414307759906,725654081099884,219),(819,1525042501,31663470413691426,725658443026025,219),(820,1525042801,31663526455275144,725662835396809,219),(821,1525043101,31663579789582885,725667850055951,219),(822,1525043401,31663631754229940,725672489091061,219),(823,1525043701,31663683906387204,725676683634641,219),(824,1525044001,31663734856054926,725680915116511,219),(825,1525044301,31663784834165015,725684489220300,219),(826,1525044601,31663834939232986,725688176819211,219),(827,1525044901,31663880949272819,725692163493714,219),(828,1525045201,31663926089680763,725696130764302,219),(829,1525045501,31663968878946729,725699454870500,219),(830,1525045801,31664013054753008,725702292778769,219),(831,1525046101,31664054703559615,725705206611012,219),(832,1525046401,31664100204536981,725707810429354,219),(833,1525046701,31664143403827028,725710554496678,219),(834,1525047001,31664184580237634,725713573195422,219),(835,1525047301,31664223327913400,725716578902098,219),(836,1525047601,31664261506262069,725719156813299,219),(837,1525047901,31664301066500279,725721793467152,219),(838,1525048201,31664347031509004,725724224911097,219),(839,1525048501,31664397745515250,725727077090853,219),(840,1525048801,31664446606758102,725729631547661,219),(841,1525049101,31664496968403395,725732441279571,219),(842,1525049401,31664545699396115,725735359337365,219),(843,1525049701,31664594394018226,725738257799179,219),(844,1525050001,31664645653029232,725741399491996,219),(845,1525050301,31664696219754747,725744658747404,219),(846,1525050601,31664749537803757,725747578050432,219),(847,1525050901,31664802278638863,725749850501593,219),(848,1525051201,31664855367005928,725752144060991,219),(849,1525051501,31664906919297858,725754550628438,219),(850,1525051801,31664961741103376,725756890122850,219),(851,1525052101,31665015833943316,725759251075884,219),(852,1525052401,31665072073224496,725761629926700,219),(853,1525052701,31665130738127307,725764016963301,219),(854,1525053001,31665194055769928,725766155398418,219),(855,1525053301,31665258656831613,725768193344131,219),(856,1525053601,31665322897250301,725770087368280,219),(857,1525053901,31665389802509162,725771854325251,219),(858,1525054201,31665456716246305,725773308678526,219),(859,1525054501,31665526256483177,725774705989999,219),(860,1525054801,31665594277827085,725776097301496,219),(861,1525055101,31665662241727352,725777663088537,219),(862,1525055401,31665731825625090,725779875791464,219),(863,1525055701,31665803765759464,725781674485603,219),(864,1525056001,31665877659964152,725783368759269,219),(865,1525056301,31665954187013666,725785327447968,219),(866,1525056601,31666034395655279,725787231375358,219),(867,1525056901,31666113936125038,725788964096196,219),(868,1525057201,31666197700564239,725791335292899,219),(869,1525057502,31666280363039809,725793316717841,219),(870,1525057801,31666359144060335,725796515237346,219),(871,1525058101,31666441505804942,725799793476774,219),(872,1525058401,31666529427187780,725801996073789,219),(873,1525058701,31666619973610701,725804476259750,219),(874,1525059001,31666710380486504,725807376545106,219),(875,1525059301,31666803766098154,725809477963732,219),(876,1525059601,31666902884405186,725811711360337,219),(877,1525059901,31667003759175278,725814059346578,219),(878,1525060201,31667104777912139,725816721307946,219),(879,1525060501,31667202789315056,725819552398673,219),(880,1525060801,31667304863940412,725822366411299,219),(881,1525061101,31667412027113554,725825159225134,219),(882,1525061401,31667519728865980,725828273149586,219),(883,1525061701,31667630921891755,725831671440170,219),(884,1525062001,31667746148146573,725835340222059,219),(885,1525062301,31667860966746981,725839102551302,219),(886,1525062601,31667976206144826,725842409257381,219),(887,1525062901,31668096089560048,725846148348193,219),(888,1525063201,31668221495739344,725850618244571,219),(889,1525063501,31668349271237604,725854806465486,219),(890,1525063801,31668475737584421,725859189070520,219),(891,1525064101,31668604950294394,725863393856958,219),(892,1525064401,31668734196571481,725867510678015,219),(893,1525064701,31668864005002545,725871462028153,219),(894,1525065001,31668997664846659,725875509558119,219),(895,1525065301,31669136427477847,725880054468510,219),(896,1525065601,31669273317642232,725885041279993,219),(897,1525065901,31669413751388772,725890947386006,219),(898,1525066201,31669556797963100,725896982686025,219),(899,1525066501,31669702765205892,725902485669570,219),(900,1525066802,31669846483286769,725909743152187,219),(901,1525067102,31669991681826122,725917544839940,219),(902,1525067402,31670140753876256,725925958597929,219),(903,1525067702,31670290222442501,725932246465992,219),(904,1525068002,31670438718441092,725937980406572,219),(905,1525068301,31670585326590430,725944529000066,219),(906,1525068601,31670735222496059,725952680987691,219),(907,1525068901,31670891367714175,725962339054796,219),(908,1525069201,31671049089622473,725971585022756,219),(909,1525069502,31671206611539989,725981246973006,219),(910,1525069801,31671362469126229,725990998270947,219),(911,1525070101,31671520325388376,726001470234571,219),(912,1525070401,31671694798518959,726012033476558,219),(913,1525070701,31671871149461926,726022169772133,219),(914,1525071002,31672044609968143,726033243511224,219),(915,1525071301,31672217360865002,726043556204690,219),(916,1525071601,31672392928018553,726052605353988,219),(917,1525071901,31672561493219990,726062863588623,219),(918,1525072201,31672735604330340,726073654419559,219),(919,1525072501,31672908580845490,726083620856590,219),(920,1525072801,31673082521183234,726093378282276,219),(921,1525073101,31673251024652787,726103603522761,219),(922,1525073401,31673422979749101,726114030503031,219),(923,1525073701,31673597298065615,726126189317729,219),(924,1525074002,31673771680281955,726137373284401,219),(925,1525074301,31673947764471561,726149015024144,219),(926,1525074601,31674131787504873,726161299925217,219),(927,1525074901,31674312463669001,726174404514007,219),(928,1525075201,31674502179111755,726186703540583,219),(929,1525075501,31674686554758888,726199498167825,219),(930,1525075801,31674872397725804,726211883770679,219),(931,1525076101,31675056351372814,726224581376437,219),(932,1525076401,31675236704743006,726237793466850,219),(933,1525076701,31675417112842194,726252156086127,219),(934,1525077001,31675606034413557,726265195109385,219),(935,1525077301,31675793418671136,726279409975261,219),(936,1525077601,31675976751643682,726294543664085,219),(937,1525077901,31676163076645105,726310591492296,219),(938,1525078202,31676353957655243,726325583548240,219),(939,1525078501,31676542007312716,726340528575836,219),(940,1525078801,31676735342503990,726354502519466,219),(941,1525079101,31676928443480605,726368267581546,219),(942,1525079401,31677125038563993,726381218322590,219),(943,1525079701,31677320982979926,726393843330958,219),(944,1525080001,31677517562305679,726405766020211,219),(945,1525080301,31677708472594389,726417789738906,219),(946,1525080601,31677902762218239,726429940906777,219),(947,1525080901,31678094347248254,726441709751619,219),(948,1525081201,31678287056431495,726454953331891,219),(949,1525081501,31678486547902806,726468651433272,219),(950,1525081801,31678693308761574,726482820988446,219),(951,1525082101,31678901188682160,726497698553793,219),(952,1525082401,31679110665965996,726512060084722,219),(953,1525082701,31679324421613070,726525963030608,219),(954,1525083001,31679530872528025,726540134507395,219),(955,1525083301,31679744419507728,726555306028621,219),(956,1525083601,31679955817488361,726570103098617,219),(957,1525083901,31680162393910434,726584879455742,219),(958,1525084201,31680368578971879,726599435729420,219),(959,1525084501,31680579169252177,726614492948845,219),(960,1525084801,31680789332629053,726629609705740,219),(961,1525085101,31680998616103472,726642905830518,219),(962,1525085401,31681207075159964,726657151325474,219),(963,1525085701,31681414075447424,726670442923820,219),(964,1525086001,31681623758828525,726683499985511,219),(965,1525086301,31681831227100992,726696375442282,219),(966,1525086601,31682026738586581,726709108568802,219),(967,1525086901,31682229553095779,726722271415357,219),(968,1525087201,31682435044396259,726736445033588,219),(969,1525087501,31682648044276063,726752339867517,219),(970,1525087801,31682857259954647,726768373907954,219),(971,1525088101,31683064672576392,726783463109468,219),(972,1525088402,31683272094321794,726797449789755,219),(973,1525088701,31683480497355654,726811518260925,219),(974,1525089001,31683692413206693,726826591649952,219),(975,1525089301,31683907738204435,726842256248930,219),(976,1525089601,31684123910795299,726856401523978,219),(977,1525089901,31684336887729324,726871348358642,219),(978,1525090201,31684545986354248,726885983794694,219),(979,1525090501,31684758904277979,726900469631445,219),(980,1525090801,31684970031627304,726915543112118,219),(981,1525091101,31685179669654318,726930780194147,219),(982,1525091401,31685389139451673,726945592755320,219),(983,1525091701,31685601604407989,726960315297654,219),(984,1525092001,31685815989850631,726975174462312,219),(985,1525092302,31686020457789602,726991204705933,219),(986,1525092602,31686221747602227,727008888610593,219),(987,1525092902,31686426217110878,727025741857949,219),(988,1525093202,31686627060120856,727041271389543,219),(989,1525093501,31686827059438349,727057164246432,219),(990,1525093802,31687028342782829,727074093494444,219),(991,1525094101,31687232615097130,727092615795662,219),(992,1525094401,31687437600074951,727111762935834,219),(993,1525094701,31687645571302922,727130639940073,219),(994,1525095001,31687862753112729,727149692194424,219),(995,1525095301,31688077900237673,727166878019077,219),(996,1525095601,31688284749293250,727183158559592,219),(997,1525095901,31688490684167080,727199241453672,219),(998,1525096201,31688699567493614,727215216756114,219),(999,1525096501,31688910117438484,727232231210777,219),(1000,1525096801,31689127710672746,727249272249009,219),(1001,1525097101,31689345761642968,727264642557306,219),(1002,1525097401,31689565615594657,727281457000746,219),(1003,1525097701,31689780712959282,727297191181607,219),(1004,1525098001,31689995726382141,727313188058570,219),(1005,1525098301,31690221270343926,727329945875613,219),(1006,1525098601,31690450937148603,727347426649749,219),(1007,1525098901,31690676259817053,727364935823426,219),(1008,1525099201,31690906242903575,727382350029478,219),(1009,1525099501,31691130711543532,727400589989505,219),(1010,1525099801,31691359901854058,727418162542603,219),(1011,1525100101,31691600330885728,727435089857811,219),(1012,1525100401,31691838596571163,727451992774954,219),(1013,1525100701,31692072551905603,727469856925486,219),(1014,1525101001,31692305848134184,727487212356340,219),(1015,1525101302,31692536846615502,727503739201080,219),(1016,1525101602,31692780052297324,727521104802092,219),(1017,1525101902,31693022321246166,727538826230303,219),(1018,1525102201,31693271978064122,727557930814307,219),(1019,1525102501,31693514704952899,727576343082341,219),(1020,1525102801,31693759144939790,727594707011736,219),(1021,1525103101,31694005134504126,727612830346833,219),(1022,1525103401,31694253759106302,727631839703142,219),(1023,1525103701,31694506597842469,727650841281381,219),(1024,1525104001,31694763163390822,727669228000234,219),(1025,1525104302,31695022402319125,727687531604998,219),(1026,1525104601,31695289617186063,727705943877112,219),(1027,1525104901,31695548915875256,727724448645716,219),(1028,1525105201,31695809398937889,727742890702745,219),(1029,1525105501,31696073793244822,727761451304667,219),(1030,1525105801,31696331715413210,727779324235603,219),(1031,1525106101,31696584156758856,727798698093446,219),(1032,1525106401,31696832736088472,727818232486782,219),(1033,1525106701,31697081659726554,727837747845576,219),(1034,1525107002,31697327823835944,727856447979400,219),(1035,1525107301,31697577131354164,727873805490394,219),(1036,1525107602,31697823031491542,727890420379757,219),(1037,1525107902,31698072799856404,727908734180350,219),(1038,1525108201,31698317759320588,727927531579946,219),(1039,1525108501,31698560695757044,727946333138858,219),(1040,1525108801,31698800748619833,727964031796748,219),(1041,1525109101,31699037219897397,727981918789339,219),(1042,1525109402,31699270719458196,727998611973653,219),(1043,1525109701,31699499079813296,728014578106685,219),(1044,1525110001,31699735400061972,728031839914318,219),(1045,1525110301,31699968669373059,728048774341713,219),(1046,1525110601,31700200000659049,728066291958998,219),(1047,1525110901,31700429651232238,728083383809730,219),(1048,1525111201,31700654868151793,728100169815823,219),(1049,1525111501,31700877132789697,728117830450605,219),(1050,1525111801,31701101134009466,728135726013940,219),(1051,1525112101,31701327060864001,728154890694891,219),(1052,1525112401,31701551962935231,728174365030020,219),(1053,1525112701,31701774993864353,728192585387727,219),(1054,1525113002,31701990513286910,728210500831841,219),(1055,1525113302,31702206583440226,728227593259659,219),(1056,1525113602,31702429420112182,728244153294838,219),(1057,1525113901,31702647841365385,728259209370287,219),(1058,1525114201,31702862345487633,728274984570336,219),(1059,1525114501,31703066030857068,728291694513417,219),(1060,1525114801,31703274378762836,728310754553728,219),(1061,1525115101,31703484368090435,728327294488644,219),(1062,1525115401,31703693654222429,728342993757739,219),(1063,1525115701,31703898484971937,728357284465094,219),(1064,1525116001,31704102354778907,728375179017283,219),(1065,1525116301,31704297131281844,728392391245608,219),(1066,1525116601,31704489715672164,728409989398344,219),(1067,1525116901,31704680080125738,728425644393164,219),(1068,1525117202,31704867096705685,728441332153967,219),(1069,1525117501,31705046489260632,728457142466966,219),(1070,1525117801,31705220692907671,728472121773680,219),(1071,1525118102,31705383538917699,728486759890690,219),(1072,1525118402,31705542764587023,728499739064448,219),(1073,1525118701,31705698417887699,728513432581366,219),(1074,1525119001,31705850078291801,728527118647500,219),(1075,1525119301,31706003793227489,728539998956025,219),(1076,1525119601,31706153256768450,728552784127991,219),(1077,1525119902,31706301071531550,728565734857224,219),(1078,1525120202,31706441473966879,728578137887362,219),(1079,1525120502,31706577400960375,728589372877852,219),(1080,1525120801,31706710464846684,728600568520730,219),(1081,1525121101,31706839732343729,728611953328656,219),(1082,1525121402,31706967518256486,728623591474165,219),(1083,1525121701,31707095477052478,728634301558168,219),(1084,1525122001,31707215980753694,728644693104966,219),(1085,1525034401,21021710585428512,15813258693911196,625),(1086,1525034701,21021861004848783,15813307269296484,625),(1087,1525035001,21022013750125850,15813353258108559,625),(1088,1525035301,21022165198807065,15813397350205784,625),(1089,1525035602,21022304891674895,15813440825295132,625),(1090,1525035902,21022441120253411,15813483756809375,625),(1091,1525036201,21022575692092873,15813526948472945,625),(1092,1525036501,21022704189283661,15813572566685150,625),(1093,1525036801,21022829931272399,15813617471957751,625),(1094,1525037101,21022955944998553,15813660940215798,625),(1095,1525037401,21023074142788686,15813704007709799,625),(1096,1525037701,21023193303961927,15813745648058242,625),(1097,1525038001,21023308516757436,15813787340317720,625),(1098,1525038301,21023417906128597,15813826784643466,625),(1099,1525038601,21023524051426764,15813864897996659,625),(1100,1525038901,21023627709794831,15813901838291443,625),(1101,1525039201,21023732193171420,15813938028219491,625),(1102,1525039502,21023834017293777,15813972658133290,625),(1103,1525039801,21023935807689444,15814007050221243,625),(1104,1525040101,21024037918668526,15814040608825439,625),(1105,1525040402,21024135317012518,15814073819553814,625),(1106,1525040702,21024227470494809,15814105710270197,625),(1107,1525041001,21024320875376510,15814136800799545,625),(1108,1525041301,21024414893192034,15814167683888980,625),(1109,1525041602,21024496775100346,15814200512485577,625),(1110,1525041901,21024577624392480,15814232343609611,625),(1111,1525042201,21024654652300128,15814263427765861,625),(1112,1525042501,21024730978832617,15814295030028151,625),(1113,1525042801,21024805092709296,15814325234374132,625),(1114,1525043101,21024877136476903,15814355382507793,625),(1115,1525043401,21024949756866799,15814385239073940,625),(1116,1525043701,21025019632592471,15814414402399654,625),(1117,1525044001,21025089713104545,15814442323420233,625),(1118,1525044301,21025161728542225,15814470029879050,625),(1119,1525044601,21025231680115251,15814495665236577,625),(1120,1525044901,21025299695456751,15814520209129177,625),(1121,1525045201,21025366608438271,15814545047174976,625),(1122,1525045501,21025433949941480,15814569815937676,625),(1123,1525045801,21025500816863730,15814593668645682,625),(1124,1525046101,21025570375570926,15814617663254863,625),(1125,1525046401,21025634035542562,15814641136821684,625),(1126,1525046701,21025697543430702,15814666641765561,625),(1127,1525047001,21025767192340465,15814692094429477,625),(1128,1525047301,21025836683850603,15814717288368489,625),(1129,1525047601,21025907592288737,15814742779440283,625),(1130,1525047901,21025977317873030,15814767771519020,625),(1131,1525048201,21026049477637820,15814792880753618,625),(1132,1525048501,21026124856157693,15814817994178181,625),(1133,1525048801,21026197137398293,15814842623001839,625),(1134,1525049101,21026270944841550,15814867205239576,625),(1135,1525049401,21026351515703619,15814893333318192,625),(1136,1525049701,21026431384800684,15814919432868092,625),(1137,1525050001,21026507247197992,15814943307575005,625),(1138,1525050301,21026587992056725,15814966659236852,625),(1139,1525050601,21026671788504648,15814988912661679,625),(1140,1525050901,21026749397409893,15815011046654260,625),(1141,1525051201,21026830182840092,15815032589868052,625),(1142,1525051501,21026916709119926,15815053163057674,625),(1143,1525051801,21027005595658323,15815073585838473,625),(1144,1525052101,21027100384036862,15815095237409841,625),(1145,1525052401,21027193141012172,15815117906782079,625),(1146,1525052701,21027286248280080,15815140868210398,625),(1147,1525053001,21027377909086334,15815162876578581,625),(1148,1525053301,21027473500380737,15815184775040525,625),(1149,1525053601,21027572274331823,15815206818442257,625),(1150,1525053901,21027666750761736,15815229760477200,625),(1151,1525054201,21027760238144536,15815251857136423,625),(1152,1525054501,21027855565340793,15815274195771215,625),(1153,1525054801,21027960267406799,15815296302972208,625),(1154,1525055101,21028062586806469,15815319096384359,625),(1155,1525055401,21028160529174942,15815342871579573,625),(1156,1525055701,21028260140673847,15815366886109562,625),(1157,1525056001,21028368994950379,15815389843824690,625),(1158,1525056301,21028478315199460,15815413034507202,625),(1159,1525056601,21028585953167717,15815436563070439,625),(1160,1525056901,21028691343533018,15815459536500906,625),(1161,1525057201,21028795861184362,15815482852453006,625),(1162,1525057502,21028905516060925,15815506742565750,625),(1163,1525057801,21029017413200781,15815530457486851,625),(1164,1525058101,21029132444559134,15815555178478249,625),(1165,1525058401,21029250717105210,15815579799090638,625),(1166,1525058701,21029371495134964,15815606115472758,625),(1167,1525059001,21029492838901672,15815632044782945,625),(1168,1525059301,21029618822816632,15815658316689613,625),(1169,1525059601,21029759814702049,15815685444064178,625),(1170,1525059901,21029897368904234,15815712266442006,625),(1171,1525060201,21030039781655253,15815739736086754,625),(1172,1525060501,21030179934040560,15815768284646365,625),(1173,1525060801,21030319683894639,15815796816722795,625),(1174,1525061101,21030463473466648,15815825561563523,625),(1175,1525061401,21030615408578837,15815854045298844,625),(1176,1525061701,21030773974229896,15815882572200925,625),(1177,1525062001,21030935094667602,15815911882461240,625),(1178,1525062301,21031091671305563,15815942650437514,625),(1179,1525062601,21031249032693325,15815972586397800,625),(1180,1525062901,21031410423535755,15816002684753752,625),(1181,1525063201,21031577899922391,15816033589633619,625),(1182,1525063501,21031757080711094,15816065122724534,625),(1183,1525063801,21031932386776483,15816097605380472,625),(1184,1525064101,21032112448728544,15816129496562900,625),(1185,1525064401,21032290001714872,15816162700187341,625),(1186,1525064701,21032466574909041,15816195553304473,625),(1187,1525065001,21032644759668837,15816226250189775,625),(1188,1525065301,21032826508315054,15816256714211186,625),(1189,1525065601,21033011671560355,15816287200758469,625),(1190,1525065901,21033191986626922,15816319323599300,625),(1191,1525066201,21033378507224093,15816351184360788,625),(1192,1525066501,21033560797928423,15816384883780185,625),(1193,1525066802,21033750892471415,15816419451211718,625),(1194,1525067102,21033943880122093,15816455066723472,625),(1195,1525067402,21034134672866127,15816491929095949,625),(1196,1525067702,21034329017020791,15816527527145706,625),(1197,1525068002,21034525344776203,15816563915155177,625),(1198,1525068301,21034719431367524,15816598741455543,625),(1199,1525068601,21034912020774654,15816633479487582,625),(1200,1525068901,21035105538765063,15816669340204900,625),(1201,1525069201,21035304571530632,15816705427571381,625),(1202,1525069502,21035504322186563,15816743668315490,625),(1203,1525069801,21035709043232270,15816782491293558,625),(1204,1525070101,21035912133164286,15816821630842338,625),(1205,1525070401,21036122322239132,15816860242908961,625),(1206,1525070701,21036330780029321,15816899867894780,625),(1207,1525071002,21036536996370442,15816940076726946,625),(1208,1525071301,21036740279617790,15816980191262106,625),(1209,1525071601,21036956321890435,15817021834509039,625),(1210,1525071901,21037174014629731,15817064609298385,625),(1211,1525072201,21037390549982293,15817108876061066,625),(1212,1525072501,21037612175756595,15817151134142575,625),(1213,1525072801,21037829982288041,15817192850278528,625),(1214,1525073101,21038049426629516,15817234160735688,625),(1215,1525073401,21038266657055319,15817276984106230,625),(1216,1525073701,21038481801875576,15817319716697706,625),(1217,1525074002,21038701484472317,15817362617902156,625),(1218,1525074302,21038923736508995,15817407176449047,625),(1219,1525074601,21039146556724412,15817450407648819,625),(1220,1525074901,21039368704026473,15817491130124724,625),(1221,1525075201,21039598193681156,15817531862266281,625),(1222,1525075501,21039819972695105,15817573158176884,625),(1223,1525075801,21040046416415963,15817615681938668,625),(1224,1525076101,21040264063631967,15817658784292861,625),(1225,1525076401,21040491268803922,15817702276537153,625),(1226,1525076701,21040719277632776,15817745948972571,625),(1227,1525077001,21040946688101181,15817791708561006,625),(1228,1525077301,21041170584580514,15817834840143856,625),(1229,1525077601,21041401058947780,15817877458820078,625),(1230,1525077901,21041638204169926,15817919793286566,625),(1231,1525078202,21041868669750186,15817964061163818,625),(1232,1525078502,21042107352777906,15818007806775484,625),(1233,1525078801,21042338347550857,15818050799792764,625),(1234,1525079101,21042571871102727,15818097733493754,625),(1235,1525079401,21042804140693810,15818144477773529,625),(1236,1525079701,21043032160050023,15818190393187051,625),(1237,1525080001,21043255515406285,15818235611998228,625),(1238,1525080301,21043479058937743,15818280984189393,625),(1239,1525080601,21043707297128004,15818325985206251,625),(1240,1525080901,21043924842549049,15818370162631525,625),(1241,1525081201,21044147400484888,15818414267946114,625),(1242,1525081501,21044374394671078,15818458977735752,625),(1243,1525081801,21044597177233472,15818503766493010,625),(1244,1525082101,21044824200392372,15818548814719157,625),(1245,1525082401,21045056011358143,15818595653990434,625),(1246,1525082701,21045287779355193,15818642693079223,625),(1247,1525083001,21045515845605543,15818688189953952,625),(1248,1525083301,21045748202235421,15818732199114950,625),(1249,1525083601,21045982176011985,15818776442939342,625),(1250,1525083901,21046218756493516,15818823360669751,625),(1251,1525084201,21046449316203042,15818868638944612,625),(1252,1525084501,21046686003617040,15818914967373925,625),(1253,1525084801,21046926006672175,15818961501132752,625),(1254,1525085101,21047164905515308,15819008584900734,625),(1255,1525085401,21047392347643461,15819055029911024,625),(1256,1525085701,21047622370515188,15819100631090397,625),(1257,1525086001,21047856223446332,15819145506825146,625),(1258,1525086301,21048086719615479,15819191470764549,625),(1259,1525086601,21048319431332159,15819238273140777,625),(1260,1525086901,21048549325081053,15819283899864633,625),(1261,1525087201,21048779532101184,15819329717022150,625),(1262,1525087501,21049004891484339,15819374623460349,625),(1263,1525087801,21049235967553490,15819419941099681,625),(1264,1525088101,21049461895122659,15819465110220825,625),(1265,1525088402,21049690169373819,15819509541020615,625),(1266,1525088701,21049919070982267,15819554803408497,625),(1267,1525089001,21050159964889518,15819600341589623,625),(1268,1525089301,21050397466622455,15819645031773204,625),(1269,1525089601,21050634936276206,15819690983329074,625),(1270,1525089901,21050875397807916,15819736031117982,625),(1271,1525090201,21051109615648906,15819780778279500,625),(1272,1525090501,21051344359191780,15819824619577649,625),(1273,1525090801,21051576110274630,15819868769753173,625),(1274,1525091101,21051808412580035,15819913773534390,625),(1275,1525091401,21052044113893228,15819957998522367,625),(1276,1525091701,21052280675062910,15820002537936870,625),(1277,1525092001,21052515320419320,15820047960337021,625),(1278,1525092302,21052747900499313,15820094382635920,625),(1279,1525092602,21052979679656706,15820140643253402,625),(1280,1525092902,21053216512392954,15820189700705812,625),(1281,1525093202,21053453824847734,15820237351459785,625),(1282,1525093501,21053676546773063,15820285297704442,625),(1283,1525093802,21053900909631891,15820333285401187,625),(1284,1525094101,21054126675882370,15820380342602213,625),(1285,1525094401,21054354702940041,15820427296201155,625),(1286,1525094701,21054580982540948,15820474928800453,625),(1287,1525095001,21054812053556918,15820524160472689,625),(1288,1525095301,21055046873811174,15820573269761185,625),(1289,1525095601,21055283324804876,15820624001447228,625),(1290,1525095901,21055519466608181,15820675957364016,625),(1291,1525096201,21055744652363093,15820725566667688,625),(1292,1525096501,21055978099850183,15820778058186144,625),(1293,1525096801,21056212703454683,15820828990794048,625),(1294,1525097101,21056449340332154,15820881521029072,625),(1295,1525097401,21056688597431527,15820930863930516,625),(1296,1525097701,21056925552713281,15820978358675548,625),(1297,1525098001,21057159171432931,15821027181667062,625),(1298,1525098301,21057396965024936,15821078090196581,625),(1299,1525098601,21057641475812914,15821129342541361,625),(1300,1525098901,21057882886068923,15821179580382254,625),(1301,1525099201,21058127920637552,15821229079101233,625),(1302,1525099501,21058374771845749,15821279141141268,625),(1303,1525099801,21058623697648702,15821331140313692,625),(1304,1525100101,21058868098485589,15821386702536788,625),(1305,1525100401,21059119195495504,15821442542400945,625),(1306,1525100701,21059375173609956,15821497644710615,625),(1307,1525101001,21059636800590715,15821551762226882,625),(1308,1525101302,21059903507948523,15821605658408767,625),(1309,1525101602,21060170192312939,15821659618620983,625),(1310,1525101902,21060437409111761,15821715244940762,625),(1311,1525102201,21060702322865546,15821770450331573,625),(1312,1525102501,21060971610780933,15821824033870903,625),(1313,1525102801,21061238307343135,15821877143685108,625),(1314,1525103101,21061508159225180,15821928450191931,625),(1315,1525103401,21061787938214417,15821981695362174,625),(1316,1525103701,21062071875453546,15822037008469313,625),(1317,1525104001,21062359339238279,15822092661598827,625),(1318,1525104302,21062648299050646,15822150919657415,625),(1319,1525104601,21062935406404571,15822206512888932,625),(1320,1525104901,21063227702735358,15822263949612145,625),(1321,1525105201,21063522287444391,15822321985513799,625),(1322,1525105501,21063818486253886,15822382543359670,625),(1323,1525105801,21064115405130715,15822444437855215,625),(1324,1525106101,21064413286743007,15822505494029342,625),(1325,1525106401,21064704266162771,15822566142611066,625),(1326,1525106701,21064993693587394,15822625221186129,625),(1327,1525107002,21065283372058897,15822683400636691,625),(1328,1525107301,21065568568786671,15822743688025296,625),(1329,1525107602,21065854405083291,15822804380951342,625),(1330,1525107902,21066138763236779,15822866338093115,625),(1331,1525108201,21066420542976928,15822926947809538,625),(1332,1525108501,21066698147510791,15822987828385771,625),(1333,1525108801,21066970554917991,15823048911080973,625),(1334,1525109101,21067241737698051,15823109965683446,625),(1335,1525109402,21067516721410142,15823172080738239,625),(1336,1525109701,21067787269357150,15823235955536403,625),(1337,1525110001,21068057816944329,15823298687226452,625),(1338,1525110301,21068329860659318,15823362295581856,625),(1339,1525110601,21068601606210747,15823423497862558,625),(1340,1525110901,21068866436709822,15823483992263718,625),(1341,1525111201,21069131834164227,15823544490872484,625),(1342,1525111501,21069405162062870,15823605085530618,625),(1343,1525111801,21069672189103647,15823664719701779,625),(1344,1525112102,21069932567036423,15823723990382821,625),(1345,1525112402,21070191003506033,15823781517104661,625),(1346,1525112702,21070456056584401,15823836507318774,625),(1347,1525113002,21070718465372823,15823891365392355,625),(1348,1525113302,21070975688326330,15823947406606793,625),(1349,1525113602,21071239179772797,15824002650111582,625),(1350,1525113901,21071494608369849,15824056865388592,625),(1351,1525114201,21071750318834522,15824111353701507,625),(1352,1525114501,21071993123977607,15824165392606315,625),(1353,1525114801,21072231349430735,15824222106275825,625),(1354,1525115101,21072479654560298,15824275754482983,625),(1355,1525115401,21072727486042262,15824332844101050,625),(1356,1525115701,21072975038699603,15824389300085007,625),(1357,1525116001,21073217009295919,15824444446148470,625),(1358,1525116301,21073450550151256,15824499102803250,625),(1359,1525116601,21073675298905330,15824555804180327,625),(1360,1525116901,21073899389702362,15824611822602273,625),(1361,1525117202,21074120248892565,15824666569612453,625),(1362,1525117502,21074335447707935,15824719979899513,625),(1363,1525117801,21074545205493626,15824773071386290,625),(1364,1525118102,21074751917557689,15824824495816208,625),(1365,1525118402,21074955014863704,15824873191715214,625),(1366,1525118701,21075155907109934,15824922118681861,625),(1367,1525119001,21075349255695942,15824970892188866,625),(1368,1525119301,21075537939521622,15825021679031438,625),(1369,1525119601,21075724890249915,15825072918106592,625),(1370,1525119902,21075903958060471,15825123226570866,625),(1371,1525120202,21076074881035476,15825172103441966,625),(1372,1525120502,21076243708146866,15825220834866916,625),(1373,1525120801,21076405746465671,15825267702697330,625),(1374,1525121101,21076563915428218,15825315514858142,625),(1375,1525121402,21076713651671799,15825365074744874,625),(1376,1525121701,21076861455132106,15825412938230863,625),(1377,1525122001,21077004620715840,15825460646416485,625);
/*!40000 ALTER TABLE `counters` ENABLE KEYS */;
UNLOCK TABLES;

--
-- Table structure for table `indexes`
--

DROP TABLE IF EXISTS `indexes`;
/*!40101 SET @saved_cs_client     = @@character_set_client */;
/*!40101 SET character_set_client = utf8 */;
CREATE TABLE `indexes` (
  `id` int(8) unsigned NOT NULL AUTO_INCREMENT,
  `ifindex` int(8) unsigned NOT NULL,
  `id_ip` int(8) unsigned NOT NULL,
  `description` varchar(25) NOT NULL,
  `alias` varchar(25) NOT NULL,
  `cl_id` int(8) unsigned NOT NULL DEFAULT '0',
  PRIMARY KEY (`id`),
  KEY `id_ip` (`id_ip`),
  CONSTRAINT `indexes_ibfk_1` FOREIGN KEY (`id_ip`) REFERENCES `ip` (`id`) ON UPDATE CASCADE
) ENGINE=InnoDB AUTO_INCREMENT=2018 DEFAULT CHARSET=latin1;
/*!40101 SET character_set_client = @saved_cs_client */;

--
-- Dumping data for table `indexes`
--

LOCK TABLES `indexes` WRITE;
/*!40000 ALTER TABLE `indexes` DISABLE KEYS */;
INSERT INTO `indexes` VALUES (1,559,8,'vlan.654','',0),(2,33,8,'me0','',0),(3,21,8,'lo0.16384','',0),(4,549,8,'ae1.0','',0),(5,554,8,'vlan.802','',0),(6,7,8,'tap','',0),(7,546,8,'ae5','',0),(8,552,8,'xe-0/0/21','KTC+Smarnet1.5_MRVs4p2',0),(9,520,8,'vlan.785','TestKTCERROR',0),(10,548,8,'ae7','',0),(11,560,8,'ge-0/0/0','avtodor_5mbit',0),(12,533,8,'vlan.787','',0),(13,531,8,'xe-0/0/26.0','',0),(14,545,8,'ae4','',0),(15,501,8,'vlan','',0),(16,551,8,'xe-0/0/20.0','',0),(17,544,8,'ae3','',0),(18,10,8,'pime','',0),(19,550,8,'xe-0/0/20','PL1000GT_P3 for Smartnet/',0),(20,35,8,'vme','',0),(21,11,8,'pimd','',0),(22,543,8,'ae2','',0),(23,541,8,'ae0','',0),(24,508,8,'vlan.137','testKTC',0),(25,6,8,'lo0','',0),(26,564,8,'vlan.779','',0),(27,553,8,'xe-0/0/21.0','',0),(28,562,8,'lo0.194','',0),(29,563,8,'vlan.194','',0),(30,542,8,'ae1','LAG ae1 to_EX4550_Saratov',0),(31,547,8,'ae6','',0),(32,540,8,'vlan.2','MGMT_real_ip',0),(33,561,8,'ge-0/0/0.0','',0),(34,9,8,'ipip','',0),(35,509,8,'xe-0/0/2','',0),(36,12,8,'mtun','',0),(37,8,8,'gre','',0),(38,38,8,'bme0.32768','',0),(39,4,8,'lsi','',0),(40,34,8,'me0.0','',0),(41,510,8,'xe-0/0/2.0','',0),(42,530,8,'xe-0/0/26','',0),(43,37,8,'bme0','',0),(44,5,8,'dsc','',0),(45,1049,7,'lc-11/0/0.32769','',0),(46,959,7,'ge-7/1/3.3101','cifra1_bgp',0),(47,882,7,'xe-9/1/0.3216','',0),(48,1050,7,'xe-11/0/0','TNS_10G_ae8_ch3_ID212',0),(49,737,7,'lc-2/1/0','',0),(50,1178,7,'xe-8/0/0.0','',0),(51,798,7,'ae10','KTC-IHOME-20G',0),(52,1387,7,'xe-4/0/0.3504','',0),(53,1020,7,'pfe-10/3/0','',0),(54,805,7,'xe-8/3/0.0','',0),(55,1031,7,'pfh-11/0/0.16383','',0),(56,1273,7,'xe-8/1/0.1','',0),(57,517,7,'lc-0/0/0.32769','',0),(58,1364,7,'xe-8/3/0.606','',0),(59,1408,7,'xe-4/0/0.1623','',0),(60,1312,7,'xe-4/1/0.6','',0),(61,1250,7,'xe-8/0/0.80','',0),(62,1257,7,'xe-8/1/0.3101','',0),(63,1363,7,'xe-8/3/0.653','',0),(64,846,7,'ge-7/1/2.3216','',0),(65,722,7,'pfe-2/2/0.16383','',0),(66,634,7,'xe-3/1/0','TurkmenAsiada',0),(67,1021,7,'pfh-10/0/0.16383','',0),(68,1109,7,'xe-4/0/0.3101','',0),(69,1263,7,'xe-8/1/0.805','',0),(70,934,7,'xe-9/1/0.3751','',0),(71,1296,7,'xe-4/1/0.3216','',0),(72,695,7,'pfh-7/0/0.16383','',0),(73,978,7,'pfe-4/0/0.16383','',0),(74,728,7,'xe-2/0/0','MM-7',0),(75,1244,7,'xe-8/0/0.800','',0),(76,948,7,'xe-2/3/0.32767','',0),(77,742,7,'ge-7/2/2','',0),(78,1303,7,'xe-4/1/0.805','',0),(79,572,7,'lc-1/2/0.32769','',0),(80,675,7,'lc-3/3/0.32769','',0),(81,540,7,'lc-0/1/0','',0),(82,1162,7,'xe-10/0/0.1086','',0),(83,684,7,'ge-7/0/8','',0),(84,1145,7,'xe-4/2/0.888','',0),(85,1448,7,'xe-10/2/0.606','',0),(86,982,7,'pfh-5/0/0','',0),(87,833,7,'lc-9/3/0.32769','',0),(88,571,7,'lc-1/2/0','',0),(89,1190,7,'ae3.1621','',0),(90,825,7,'xe-9/0/0','data-ix-lag-ae2_ch1',0),(91,1472,7,'xe-9/1/0.993','',0),(92,926,7,'ge-7/1/3.32767','',0),(93,1345,7,'xe-4/3/0.604','',0),(94,1246,7,'xe-8/0/0.606','',0),(95,739,7,'ge-7/1/0','CDNET_HOSTING',0),(96,1083,7,'ae4.1086','GLOBAL_PtP2',0),(97,1110,7,'xe-4/0/0.888','',0),(98,1293,7,'xe-8/2/0.1','',0),(99,1322,7,'xe-2/3/0.800','',0),(100,662,7,'pfe-0/1/0','',0),(101,992,7,'lc-4/0/0','',0),(102,758,7,'ge-7/3/1','',0),(103,1357,7,'xe-8/3/0.1622','',0),(104,706,7,'pfe-8/0/0.16383','',0),(105,1259,7,'xe-8/1/0.1622','',0),(106,789,7,'ae2','DATA-IX_LAG_ae2',0),(107,834,7,'xe-9/3/0','to_ge_5_0_M320_viaSigma',0),(108,772,7,'xe-2/0/0.0','',0),(109,1090,7,'xe-2/1/0.1571','',0),(110,627,7,'lc-3/0/0.32769','',0),(111,993,7,'lc-4/0/0.32769','',0),(112,1308,7,'xe-4/1/0.203','',0),(113,594,7,'lc-0/3/0','',0),(114,1438,7,'xe-10/2/0.1624','',0),(115,715,7,'pfe-2/0/0','',0),(116,1203,7,'ae10.1622','IHOME_VNET_10G',0),(117,23,7,'em1','',0),(118,653,7,'pfh-1/0/0.16383','',0),(119,1425,7,'xe-8/0/0.1624','',0),(120,950,7,'ge-7/1/6.0','mgmt_vlan6',0),(121,1445,7,'xe-10/2/0.805','',0),(122,1354,7,'xe-8/3/0.3216','',0),(123,1025,7,'pfe-10/3/0.16383','',0),(124,1015,7,'xe-5/3/0','Voronezh_8_pl9p8',0),(125,8,7,'gre','',0),(126,976,7,'pfe-4/3/0','',0),(127,716,7,'pfe-2/1/0','',0),(128,1278,7,'xe-8/2/0.1670','',0),(129,1048,7,'lc-11/0/0','',0),(130,1000,7,'lc-4/2/0.32769','',0),(131,1381,7,'xe-4/1/0.993','',0),(132,1061,7,'ae3.604','ORANGE_ALMATY',0),(133,1396,7,'xe-5/3/0.32767','',0),(134,1466,7,'ae11.4','vlan_for_GAZPROMMEDIA',0),(135,686,7,'ge-7/1/1','MEDIAOPERATOR_IPTV_NEW',0),(136,778,7,'xe-3/2/0.0','',0),(137,743,7,'ge-7/2/3','',0),(138,685,7,'ge-7/0/9','',0),(139,21,7,'lo0.16384','',0),(140,720,7,'pfe-2/0/0.16383','',0),(141,1270,7,'xe-8/1/0.80','',0),(142,1460,7,'ae2.450','GLOBAL-IX',0),(143,1375,7,'xe-2/3/0.993','',0),(144,1389,7,'xe-4/3/0.3504','',0),(145,723,7,'pfe-2/3/0.16383','',0),(146,1202,7,'ae10.1670','IHOME_VNET_10G',0),(147,637,7,'lc-7/3/0.32769','',0),(148,1040,7,'lc-10/1/0.32769','',0),(149,595,7,'lc-0/3/0.32769','',0),(150,999,7,'lc-4/2/0','',0),(151,690,7,'pfh-7/0/0','',0),(152,752,7,'xe-2/3/0','MM-8',0),(153,1180,7,'xe-8/2/0.0','',0),(154,1012,7,'xe-5/2/0','MAILRU',0),(155,835,7,'xe-9/0/0.0','',0),(156,1446,7,'xe-10/2/0.800','',0),(157,1267,7,'xe-8/1/0.604','',0),(158,1032,7,'pfe-11/0/0.16383','',0),(159,1386,7,'xe-2/3/0.3504','',0),(160,1315,7,'xe-2/3/0.3216','',0),(161,1035,7,'pfe-11/3/0.16383','',0),(162,1266,7,'xe-8/1/0.606','',0),(163,1292,7,'xe-8/2/0.6','',0),(164,1356,7,'xe-8/3/0.1670','',0),(165,862,7,'xe-1/3/0.32767','',0),(166,1419,7,'xe-2/3/0.1624','',0),(167,1056,7,'xe-11/2/0','TNS_10G_ae8_ch1_ID210',0),(168,1022,7,'pfe-10/0/0.16383','',0),(169,1458,7,'xe-2/2/0.32767','',0),(170,683,7,'ge-7/0/7','',0),(171,541,7,'lc-0/1/0.32769','',0),(172,953,7,'irb.654','',0),(173,1336,7,'xe-4/3/0.1670','',0),(174,1424,7,'xe-5/1/0.1624','',0),(175,1089,7,'xe-2/1/0.32767','',0),(176,12,7,'mtun','',0),(177,881,7,'xe-9/1/0.32767','',0),(178,784,7,'xe-4/3/0.0','',0),(179,1002,7,'lc-4/3/0','',0),(180,762,7,'ge-7/3/5','',0),(181,1144,7,'xe-4/2/0.800','',0),(182,638,7,'xe-8/0/0','MMTS_Voronezh_2_pl248p4',0),(183,734,7,'ge-7/1/8','',0),(184,567,7,'xe-1/0/0.0','NETRACK',0),(185,1,7,'fxp0','',0),(186,1197,7,'xe-4/0/0.1621','',0),(187,1258,7,'xe-8/1/0.1670','',0),(188,1279,7,'xe-8/2/0.1622','',0),(189,824,7,'lc-9/0/0.32769','',0),(190,1439,7,'xe-10/2/0.1623','',0),(191,1440,7,'xe-10/2/0.1622','',0),(192,661,7,'pfe-0/0/0','',0),(193,1395,7,'ae11.32767','',0),(194,1075,7,'xe-9/1/0.604','',0),(195,800,7,'ae12','',0),(196,1148,7,'xe-4/2/0.32767','',0),(197,1471,7,'xe-9/1/0.1623','',0),(198,1349,7,'xe-4/3/0.29','',0),(199,1321,7,'xe-2/3/0.805','',0),(200,1365,7,'xe-8/3/0.604','',0),(201,1407,7,'xe-2/3/0.1623','',0),(202,678,7,'ge-7/0/2','ORANGE2',0),(203,813,7,'pfh-9/0/0','',0),(204,1247,7,'xe-8/0/0.604','',0),(205,22,7,'lo0.16385','',0),(206,644,7,'lc-8/2/0','',0),(207,759,7,'ge-7/3/2','',0),(208,927,7,'ae3.3751','',0),(209,1309,7,'xe-4/1/0.81','',0),(210,694,7,'pfe-7/3/0','',0),(211,1342,7,'xe-4/3/0.800','',0),(212,816,7,'pfe-9/2/0','',0),(213,1103,7,'xe-3/3/0.32767','',0),(214,1260,7,'xe-8/1/0.1621','',0),(215,1450,7,'xe-10/2/0.203','',0),(216,568,7,'ae3.653','orange_to_bishkek_6M',0),(217,652,7,'pfe-1/1/0','',0),(218,975,7,'pfe-4/2/0','',0),(219,791,7,'ae4','GLOBAL_ae4',0),(220,1436,7,'xe-10/2/0.3101','',0),(221,1033,7,'pfe-11/1/0.16383','',0),(222,1143,7,'xe-4/0/0.800','',0),(223,1355,7,'xe-8/3/0.3101','',0),(224,1320,7,'xe-2/3/0.888','',0),(225,796,7,'xe-5/2/0.0','',0),(226,1457,7,'ae2.32767','',0),(227,1026,7,'pfh-11/0/0','',0),(228,1261,7,'xe-8/1/0.898','',0),(229,1339,7,'xe-4/3/0.898','',0),(230,1352,7,'xe-8/3/0.32767','',0),(231,1390,7,'xe-8/0/0.3504','',0),(232,787,7,'xe-5/3/0.0','',0),(233,582,7,'xe-9/3/0.0','',0),(234,1469,7,'xe-9/1/0.3504','',0),(235,775,7,'xe-2/3/0.0','',0),(236,746,7,'xe-2/2/0','data-ix-lag-ae2_ch2',0),(237,744,7,'lc-2/2/0','',0),(238,1268,7,'xe-8/1/0.203','',0),(239,1310,7,'xe-4/1/0.80','',0),(240,888,7,'ae6.0','',0),(241,633,7,'lc-3/1/0.32769','',0),(242,1011,7,'lc-5/2/0.32769','',0),(243,1372,7,'ae3.993','',0),(244,718,7,'pfe-2/3/0','',0),(245,1239,7,'xe-8/0/0.1622','',0),(246,1161,7,'xe-10/0/0.32767','',0),(247,1285,7,'xe-8/2/0.653','',0),(248,700,7,'pfh-8/0/0','',0),(249,1019,7,'pfe-10/2/0','',0),(250,1380,7,'xe-8/3/0.993','',0),(251,990,7,'pfe-5/3/0.16383','',0),(252,764,7,'ge-7/3/6','',0),(253,1442,7,'xe-10/2/0.993','',0),(254,672,7,'xe-3/2/0','GOOGLE_PNI',0),(255,1181,7,'ae3.29','to_m320-Saratov',0),(256,983,7,'pfe-5/0/0','',0),(257,803,7,'ae15','TEST_MPLS',0),(258,1242,7,'xe-8/0/0.888','',0),(259,1107,7,'xe-4/0/0.3751','',0),(260,1208,7,'xe-5/1/0.888','',0),(261,751,7,'lc-2/3/0.32769','',0),(262,1383,7,'ae3.3504','',0),(263,1414,7,'xe-8/1/0.1623','',0),(264,1245,7,'xe-8/0/0.653','',0),(265,724,7,'xe-1/2/0','',0),(266,1201,7,'ae10.32767','',0),(267,691,7,'pfe-7/0/0','',0),(268,666,7,'pfe-0/1/0.16383','',0),(269,1074,7,'xe-9/1/0.606','',0),(270,1388,7,'xe-4/1/0.3504','',0),(271,17,7,'em0','',0),(272,1295,7,'xe-4/1/0.3751','',0),(273,1111,7,'xe-4/0/0.805','',0),(274,1327,7,'xe-2/3/0.81','',0),(275,677,7,'ge-7/0/1','ORANGE_ALMATY',0),(276,1274,7,'xe-8/2/0.32767','',0),(277,708,7,'pfe-8/2/0.16383','',0),(278,650,7,'pfh-1/0/0','',0),(279,710,7,'xe-1/0/0','NetRack_SL_1289',0),(280,1210,7,'xe-1/3/0.444','RS',0),(281,664,7,'pfe-0/3/0','',0),(282,1157,7,'xe-11/0/0.0','',0),(283,1470,7,'xe-9/1/0.1624','',0),(284,646,7,'xe-8/2/0','MMTS_Voronezh_4_pl248p6',0),(285,756,7,'ge-7/2/9','',0),(286,1283,7,'xe-8/2/0.805','',0),(287,617,7,'pfe-3/3/0','',0),(288,1420,7,'xe-4/0/0.1624','',0),(289,1006,7,'xe-5/0/0','YANDEX_PNI',0),(290,1331,7,'xe-2/3/0.1','',0),(291,1149,7,'xe-9/1/0.1670','',0),(292,1034,7,'pfe-11/2/0.16383','',0),(293,996,7,'lc-4/1/0','',0),(294,1305,7,'xe-4/1/0.653','',0),(295,1435,7,'xe-10/2/0.3216','',0),(296,651,7,'pfe-1/0/0','',0),(297,956,7,'ge-7/1/0.3511','',0),(298,947,7,'xe-2/3/0.1621','',0),(299,1087,7,'ae5.1571','RASCOM2',0),(300,1288,7,'xe-8/2/0.203','',0),(301,810,7,'ae4.32767','',0),(302,1238,7,'xe-8/0/0.1670','',0),(303,920,7,'xe-9/1/0.1','',0),(304,660,7,'pfh-0/0/0','',0),(305,1330,7,'xe-2/3/0.6','',0),(306,1284,7,'xe-8/2/0.800','',0),(307,7,7,'tap','',0),(308,887,7,'xe-9/1/0.0','',0),(309,977,7,'pfh-4/0/0.16383','',0),(310,1160,7,'xe-11/3/0.0','',0),(311,566,7,'ae15.0','',0),(312,790,7,'ae3','LAG_TO_mx960_Saratov',0),(313,1200,7,'xe-9/1/0.1621','',0),(314,1413,7,'xe-8/0/0.1623','',0),(315,1122,7,'ae3.800','IHOME_VNET_10G',0),(316,1001,7,'xe-4/3/0','MM-9',0),(317,1275,7,'xe-8/2/0.3751','',0),(318,1108,7,'xe-4/0/0.3216','',0),(319,717,7,'pfe-2/2/0','',0),(320,1053,7,'lc-11/1/0.32769','',0),(321,1014,7,'lc-5/3/0.32769','',0),(322,815,7,'pfe-9/1/0','',0),(323,671,7,'lc-3/2/0.32769','',0),(324,1338,7,'xe-4/3/0.1621','',0),(325,1362,7,'xe-8/3/0.800','',0),(326,1209,7,'xe-5/1/0.800','',0),(327,1447,7,'xe-10/2/0.653','',0),(328,632,7,'lc-3/1/0','',0),(329,991,7,'pfh-5/0/0.16383','',0),(330,1371,7,'xe-8/3/0.1','',0),(331,692,7,'pfe-7/1/0','',0),(332,610,7,'lc-1/3/0.32769','',0),(333,725,7,'xe-0/2/0','GAZPROMMEDIA',0),(334,663,7,'pfe-0/2/0','',0),(335,615,7,'lc-7/0/0','',0),(336,854,7,'ge-7/1/0.32767','',0),(337,969,7,'xe-1/3/0.3511','',0),(338,1409,7,'xe-4/1/0.1623','',0),(339,1174,7,'xe-4/0/0.898','',0),(340,797,7,'ae9','TNS_10G_LAG',0),(341,766,7,'xe-0/2/0.0','',0),(342,1175,7,'xe-9/1/0.898','',0),(343,1272,7,'xe-8/1/0.6','',0),(344,658,7,'pfe-1/2/0.16383','',0),(345,1299,7,'xe-4/1/0.1622','',0),(346,659,7,'pfe-1/3/0.16383','',0),(347,1236,7,'xe-8/0/0.3216','',0),(348,967,7,'xe-9/1/0.3101','',0),(349,1326,7,'xe-2/3/0.203','',0),(350,645,7,'lc-8/2/0.32769','',0),(351,1141,7,'xe-4/0/0.1670','',0),(352,682,7,'ge-7/0/6','',0),(353,1088,7,'ae5.1570','RASCOM1',0),(354,984,7,'pfe-5/1/0','',0),(355,1382,7,'xe-8/1/0.993','',0),(356,1176,7,'ge-7/1/0.3514','',0),(357,1155,7,'ae8.0','',0),(358,1452,7,'xe-10/2/0.80','',0),(359,1039,7,'lc-10/1/0','',0),(360,979,7,'pfe-4/1/0.16383','',0),(361,788,7,'ae0','IHOME',0),(362,709,7,'pfe-8/3/0.16383','',0),(363,1005,7,'lc-5/0/0.32769','',0),(364,1361,7,'xe-8/3/0.805','',0),(365,1337,7,'xe-4/3/0.1622','',0),(366,501,7,'demux0','',0),(367,699,7,'pfe-7/3/0.16383','',0),(368,1115,7,'xe-4/0/0.203','',0),(369,687,7,'ge-7/1/2','GLOBAL-ONE_IPTV',0),(370,960,7,'ae3.3101','cifra1_bgp',0),(371,1313,7,'xe-4/1/0.1','',0),(372,818,7,'pfh-9/0/0.16383','',0),(373,1038,7,'xe-10/0/0','Globalch3',0),(374,1302,7,'xe-4/1/0.888','',0),(375,1112,7,'xe-4/0/0.653','',0),(376,626,7,'lc-3/0/0','',0),(377,1294,7,'xe-4/1/0.32767','',0),(378,826,7,'lc-9/1/0','',0),(379,1437,7,'xe-10/2/0.1670','',0),(380,1344,7,'xe-4/3/0.606','',0),(381,583,7,'pfh-3/0/0','',0),(382,1426,7,'xe-8/1/0.1624','',0),(383,1358,7,'xe-8/3/0.1621','',0),(384,757,7,'ge-7/3/0','',0),(385,809,7,'ge-7/3/8','',0),(386,1156,7,'ae9.0','',0),(387,9,7,'ipip','',0),(388,745,7,'lc-2/2/0.32769','',0),(389,832,7,'lc-9/3/0','',0),(390,736,7,'xe-2/1/0','rascom_lag_ae5',0),(391,781,7,'xe-4/1/0.0','',0),(392,828,7,'xe-9/1/0','DATA_IX_test',0),(393,565,7,'lc-0/2/0.32769','',0),(394,620,7,'pfe-3/1/0.16383','',0),(395,1410,7,'xe-4/2/0.1623','',0),(396,1346,7,'xe-4/3/0.203','',0),(397,1434,7,'xe-10/2/0.3504','',0),(398,1004,7,'lc-5/0/0','',0),(399,1045,7,'lc-10/3/0','',0),(400,16,7,'lo0.0','',0),(401,730,7,'xe-0/3/0','lag_google_pni_ae7',0),(402,1360,7,'xe-8/3/0.888','',0),(403,1404,7,'xe-3/3/0.1','',0),(404,1013,7,'lc-5/3/0','',0),(405,1106,7,'xe-4/0/0.32767','',0),(406,1402,7,'xe-5/3/0.200','',0),(407,994,7,'xe-4/0/0','MM-3',0),(408,1146,7,'xe-4/2/0.1622','',0),(409,611,7,'pfe-3/0/0','',0),(410,1370,7,'xe-8/3/0.6','',0),(411,988,7,'pfe-5/1/0.16383','',0),(412,11,7,'pimd','',0),(413,1454,7,'xe-10/2/0.6','',0),(414,1421,7,'xe-4/1/0.1624','',0),(415,842,7,'ae3.32767','',0),(416,1333,7,'xe-4/3/0.3751','',0),(417,665,7,'pfe-0/0/0.16383','',0),(418,1207,7,'xe-5/1/0.1622','',0),(419,1306,7,'xe-4/1/0.606','',0),(420,649,7,'lc-8/3/0.32769','',0),(421,1328,7,'xe-2/3/0.80','',0),(422,689,7,'ge-7/1/4','',0),(423,642,7,'lc-8/1/0','',0),(424,1091,7,'xe-2/1/0.1570','',0),(425,648,7,'lc-8/3/0','',0),(426,1318,7,'xe-2/3/0.1622','',0),(427,886,7,'xe-9/1/0.80','',0),(428,1116,7,'xe-4/0/0.81','',0),(429,1329,7,'xe-2/3/0.29','',0),(430,795,7,'ae8','TNS_30G_LAG',0),(431,812,7,'ge-7/3/9','',0),(432,1028,7,'pfe-11/1/0','',0),(433,794,7,'ae7','GOOGLE_PNI',0),(434,1059,7,'xe-11/3/0','TNS_10G_ae8_ch2_ID211',0),(435,727,7,'lc-2/0/0.32769','',0),(436,1392,7,'xe-8/2/0.3504','',0),(437,1080,7,'ae7.0','',0),(438,944,7,'ge-7/1/1.32767','',0),(439,1281,7,'xe-8/2/0.898','',0),(440,1113,7,'xe-4/0/0.606','',0),(441,732,7,'ge-7/1/6','',0),(442,674,7,'lc-3/3/0','',0),(443,913,7,'ae3.1','PtP_ipv6',0),(444,1317,7,'xe-2/3/0.1670','',0),(445,957,7,'ge-7/1/0.3512','',0),(446,622,7,'pfe-3/3/0.16383','',0),(447,819,7,'pfe-9/0/0.16383','',0),(448,1177,7,'xe-1/3/0.3514','Photon',0),(449,1189,7,'xe-9/1/0.29','',0),(450,970,7,'xe-1/3/0.3512','',0),(451,776,7,'xe-3/0/0.0','',0),(452,24,7,'em1.0','',0),(453,1416,7,'xe-8/3/0.1623','',0),(454,1298,7,'xe-4/1/0.1670','',0),(455,858,7,'ae3.80','',0),(456,1459,7,'xe-9/0/0.32767','',0),(457,1325,7,'xe-2/3/0.604','',0),(458,1269,7,'xe-8/1/0.81','',0),(459,1359,7,'xe-8/3/0.898','',0),(460,502,7,'cbp0','',0),(461,1286,7,'xe-8/2/0.606','',0),(462,801,7,'ae1','MSK-IX_LAG',0),(463,1237,7,'xe-8/0/0.3101','',0),(464,985,7,'pfe-5/2/0','',0),(465,830,7,'lc-9/2/0.32769','',0),(466,1467,7,'xe-2/0/0.4','',0),(467,971,7,'xe-1/3/0.3513','',0),(468,754,7,'ge-7/2/7','',0),(469,1264,7,'xe-8/1/0.800','',0),(470,747,7,'ge-7/2/4','',0),(471,553,7,'lc-1/1/0.32769','',0),(472,847,7,'ge-7/1/2.32767','',0),(473,1166,7,'xe-10/1/0.1570','',0),(474,704,7,'pfe-8/3/0','',0),(475,1252,7,'xe-8/0/0.6','',0),(476,1003,7,'lc-4/3/0.32769','',0),(477,1165,7,'xe-10/1/0.1571','',0),(478,1378,7,'xe-8/0/0.993','',0),(479,1462,7,'xe-9/0/0.450','',0),(480,1054,7,'lc-11/2/0','',0),(481,681,7,'ge-7/0/5','',0),(482,1037,7,'lc-10/0/0.32769','',0),(483,1427,7,'xe-8/2/0.1624','',0),(484,619,7,'pfh-3/0/0.16383','',0),(485,1017,7,'pfe-10/0/0','',0),(486,1029,7,'pfe-11/2/0','',0),(487,5,7,'dsc','',0),(488,698,7,'pfe-7/2/0.16383','',0),(489,1057,7,'lc-11/3/0','',0),(490,621,7,'pfe-3/2/0.16383','',0),(491,680,7,'ge-7/0/4','',0),(492,679,7,'ge-7/0/3','',0),(493,831,7,'xe-9/2/0','RASCOM',0),(494,552,7,'lc-1/1/0','',0),(495,1147,7,'xe-4/2/0.1670','',0),(496,598,7,'xe-0/0/0.0','',0),(497,1332,7,'xe-4/3/0.32767','',0),(498,880,7,'ae2.0','',0),(499,780,7,'xe-4/0/0.0','',0),(500,1241,7,'xe-8/0/0.898','',0),(501,647,7,'xe-8/3/0','MMTS_Voronezh_5_pl248p7',0),(502,1441,7,'xe-10/2/0.1621','',0),(503,1433,7,'xe-10/2/0.3751','',0),(504,1206,7,'xe-5/1/0.1670','',0),(505,986,7,'pfe-5/3/0','',0),(506,890,7,'ae3.6','mgmt_msk_24100',0),(507,1117,7,'xe-4/0/0.80','',0),(508,740,7,'ge-7/2/1','',0),(509,1289,7,'xe-8/2/0.81','',0),(510,1008,7,'lc-5/1/0.32769','',0),(511,1027,7,'pfe-11/0/0','',0),(512,1282,7,'xe-8/2/0.888','',0),(513,1401,7,'xe-2/0/0.200','',0),(514,1311,7,'xe-4/1/0.29','',0),(515,1044,7,'xe-10/2/0','Michurinsk_ID_MM2_6',0),(516,719,7,'pfh-2/0/0.16383','',0),(517,1319,7,'xe-2/3/0.898','',0),(518,1394,7,'ae11.0','',0),(519,612,7,'pfe-3/1/0','',0),(520,1350,7,'xe-4/3/0.6','',0),(521,827,7,'lc-9/1/0.32769','',0),(522,1391,7,'xe-8/1/0.3504','',0),(523,1277,7,'xe-8/2/0.3101','',0),(524,1086,7,'ae5.32767','',0),(525,1240,7,'xe-8/0/0.1621','',0),(526,1353,7,'xe-8/3/0.3751','',0),(527,701,7,'pfe-8/0/0','',0),(528,820,7,'pfe-9/1/0.16383','',0),(529,564,7,'lc-0/2/0','',0),(530,905,7,'ae3.81','Telia_to_TNS_2',0),(531,817,7,'pfe-9/3/0','',0),(532,731,7,'ge-7/1/5','Tntk_LPP_50M_toRetNet',0),(533,668,7,'pfe-0/3/0.16383','',0),(534,750,7,'lc-2/3/0','',0),(535,688,7,'ge-7/1/3','CIFRA_1_IPTV',0),(536,657,7,'pfe-1/1/0.16383','',0),(537,1451,7,'xe-10/2/0.81','',0),(538,774,7,'xe-2/2/0.0','',0),(539,1453,7,'xe-10/2/0.29','',0),(540,768,7,'ge-7/3/7','',0),(541,1092,7,'xe-9/2/0.32767','',0),(542,693,7,'pfe-7/2/0','',0),(543,1341,7,'xe-4/3/0.805','',0),(544,503,7,'pip0','',0),(545,673,7,'xe-3/3/0','QinQ_IHOME-SMARTNET_6.5G_',0),(546,641,7,'xe-8/1/0','MMTS_Voronezh_3_pl248p5',0),(547,893,7,'xe-0/3/0.0','',0),(548,838,7,'ae3.0','',0),(549,761,7,'ge-7/3/4','',0),(550,1347,7,'xe-4/3/0.81','',0),(551,616,7,'lc-7/0/0.32769','',0),(552,640,7,'lc-8/0/0.32769','',0),(553,738,7,'lc-2/1/0.32769','',0),(554,804,7,'ae14','',0),(555,1121,7,'ae3.1622','IHOME_VNET_10G',0),(556,1415,7,'xe-8/2/0.1623','',0),(557,1078,7,'ge-7/0/1.0','',0),(558,1036,7,'lc-10/0/0','',0),(559,1243,7,'xe-8/0/0.805','',0),(560,1253,7,'xe-8/0/0.1','',0),(561,1468,7,'xe-5/3/0.4','',0),(562,1265,7,'xe-8/1/0.653','',0),(563,1114,7,'xe-4/0/0.604','',0),(564,755,7,'ge-7/2/8','',0),(565,777,7,'xe-3/1/0.0','',0),(566,628,7,'xe-3/0/0','MNOGOBYTE',0),(567,1403,7,'ae11.200','',0),(568,1316,7,'xe-2/3/0.3101','',0),(569,733,7,'ge-7/1/7','',0),(570,1051,7,'xe-11/1/0','TNS_10G_ae9_ch4_ID213',0),(571,6,7,'lo0','',0),(572,630,7,'lc-7/2/0','',0),(573,1418,7,'ae3.1624','',0),(574,997,7,'lc-4/1/0.32769','',0),(575,1304,7,'xe-4/1/0.800','',0),(576,1368,7,'xe-8/3/0.80','',0),(577,748,7,'ge-7/2/5','',0),(578,1211,7,'ae4.450','GLOBAL-IX',0),(579,1449,7,'xe-10/2/0.604','',0),(580,1379,7,'xe-8/2/0.993','',0),(581,711,7,'xe-0/0/0','CDN-VIDEO',0),(582,1254,7,'xe-8/1/0.32767','',0),(583,1234,7,'xe-8/0/0.32767','',0),(584,705,7,'pfh-8/0/0.16383','',0),(585,1314,7,'xe-2/3/0.3751','',0),(586,1428,7,'xe-8/3/0.1624','',0),(587,1376,7,'xe-4/0/0.993','',0),(588,18,7,'em0.0','',0),(589,912,7,'xe-9/1/0.81','',0),(590,785,7,'xe-5/0/0.0','',0),(591,1432,7,'xe-10/2/0.32767','',0),(592,1423,7,'xe-4/3/0.1624','',0),(593,1018,7,'pfe-10/1/0','',0),(594,1393,7,'xe-8/3/0.3504','',0),(595,609,7,'lc-1/3/0','',0),(596,1167,7,'ae3.898','TurmenAsiada',0),(597,1007,7,'lc-5/1/0','',0),(598,1235,7,'xe-8/0/0.3751','',0),(599,667,7,'pfe-0/2/0.16383','',0),(600,1443,7,'xe-10/2/0.898','',0),(601,741,7,'ge-7/2/0','CLOUD-IX',0),(602,1188,7,'xe-4/0/0.29','',0),(603,998,7,'xe-4/2/0','IHOME_VNET_20G_ID_101_1',0),(604,1280,7,'xe-8/2/0.1621','',0),(605,923,7,'xe-9/1/0.6','',0),(606,714,7,'pfh-2/0/0','',0),(607,822,7,'pfe-9/3/0.16383','',0),(608,529,7,'lc-1/0/0.32769','',0),(609,504,7,'pp0','',0),(610,1343,7,'xe-4/3/0.653','',0),(611,981,7,'pfe-4/3/0.16383','',0),(612,697,7,'pfe-7/1/0.16383','',0),(613,1058,7,'lc-11/3/0.32769','',0),(614,987,7,'pfe-5/0/0.16383','',0),(615,726,7,'lc-2/0/0','',0),(616,1324,7,'xe-2/3/0.606','',0),(617,1150,7,'xe-9/1/0.1622','',0),(618,707,7,'pfe-8/1/0.16383','',0),(619,1010,7,'lc-5/2/0','',0),(620,1213,7,'xe-10/0/0.450','',0),(621,1093,7,'xe-9/2/0.1571','',0),(622,1335,7,'xe-4/3/0.3101','',0),(623,1023,7,'pfe-10/1/0.16383','',0),(624,1199,7,'xe-5/1/0.32767','',0),(625,792,7,'ae5','RASCOM',0),(626,624,7,'lc-7/1/0','',0),(627,1300,7,'xe-4/1/0.1621','',0),(628,823,7,'lc-9/0/0','',0),(629,1340,7,'xe-4/3/0.888','',0),(630,1158,7,'xe-11/1/0.0','',0),(631,656,7,'pfe-1/0/0.16383','',0),(632,1248,7,'xe-8/0/0.203','',0),(633,1079,7,'ge-7/0/2.0','',0),(634,1041,7,'xe-10/1/0','rascom_lag_ae5_ch3',0),(635,729,7,'xe-1/3/0','CDNET_HOSTING',0),(636,808,7,'ae4.0','GLOBAL_PtP1',0),(637,814,7,'pfe-9/0/0','',0),(638,845,7,'xe-2/0/0.32767','',0),(639,924,7,'ge-7/2/0.0','',0),(640,885,7,'xe-9/1/0.203','',0),(641,1412,7,'xe-5/1/0.1623','',0),(642,1119,7,'xe-4/0/0.1','',0),(643,884,7,'xe-9/1/0.653','',0),(644,1249,7,'xe-8/0/0.81','',0),(645,973,7,'pfe-4/0/0','',0),(646,760,7,'ge-7/3/3','',0),(647,1046,7,'lc-10/3/0.32769','',0),(648,1142,7,'xe-4/0/0.1622','',0),(649,749,7,'ge-7/2/6','',0),(650,1291,7,'xe-8/2/0.29','',0),(651,829,7,'lc-9/2/0','',0),(652,596,7,'xe-0/1/0.0','',0),(653,1297,7,'xe-4/1/0.3101','',0),(654,1179,7,'xe-8/1/0.0','',0),(655,1366,7,'xe-8/3/0.203','',0),(656,1456,7,'xe-10/2/0.0','',0),(657,1052,7,'lc-11/1/0','',0),(658,735,7,'ge-7/1/9','',0),(659,613,7,'pfe-3/2/0','',0),(660,516,7,'lc-0/0/0','',0),(661,721,7,'pfe-2/1/0.16383','',0),(662,1255,7,'xe-8/1/0.3751','',0),(663,1043,7,'lc-10/2/0.32769','',0),(664,669,7,'pfh-0/0/0.16383','',0),(665,974,7,'pfe-4/1/0','',0),(666,1082,7,'irb.606','',0),(667,1271,7,'xe-8/1/0.29','',0),(668,702,7,'pfe-8/1/0','',0),(669,639,7,'lc-8/0/0','',0),(670,989,7,'pfe-5/2/0.16383','',0),(671,1348,7,'xe-4/3/0.80','',0),(672,636,7,'lc-7/3/0','',0),(673,1406,7,'ae3.1623','',0),(674,1104,7,'xe-9/1/0.888','',0),(675,1417,7,'ae10.1624','',0),(676,1118,7,'xe-4/0/0.6','',0),(677,1307,7,'xe-4/1/0.604','',0),(678,852,7,'ae3.203','',0),(679,643,7,'lc-8/1/0.32769','',0),(680,1120,7,'ae3.1670','IHOME_VNET_10G',0),(681,1301,7,'xe-4/1/0.898','',0),(682,821,7,'pfe-9/2/0.16383','',0),(683,696,7,'pfe-7/0/0.16383','',0),(684,713,7,'xe-0/1/0','DigitalNetwork_SL_1247',0),(685,676,7,'ge-7/0/0','',0),(686,1334,7,'xe-4/3/0.3216','',0),(687,1251,7,'xe-8/0/0.29','',0),(688,980,7,'pfe-4/2/0.16383','',0),(689,10,7,'pime','',0),(690,1164,7,'xe-10/1/0.32767','',0),(691,1095,7,'ae3.888','IHOME_vlan888',0),(692,1262,7,'xe-8/1/0.888','',0),(693,1290,7,'xe-8/2/0.80','',0),(694,1444,7,'xe-10/2/0.888','',0),(695,505,7,'irb','',0),(696,670,7,'lc-3/2/0','',0),(697,1094,7,'xe-9/2/0.1570','',0),(698,958,7,'ge-7/1/0.3513','',0),(699,995,7,'xe-4/1/0','MM-6',0),(700,837,7,'ae1.0','',0),(701,625,7,'lc-7/1/0.32769','',0),(702,712,7,'xe-1/1/0','KDI_CH2_Samara',0),(703,631,7,'lc-7/2/0.32769','',0),(704,1422,7,'xe-4/2/0.1624','',0),(705,949,7,'ge-7/1/5.0','',0),(706,1369,7,'xe-8/3/0.29','',0),(707,1151,7,'xe-9/1/0.800','',0),(708,1030,7,'pfe-11/3/0','',0),(709,1204,7,'ae10.888','IHOME_VNET_10G',0),(710,1047,7,'xe-10/3/0','ChinaNet-5G',0),(711,839,7,'ae0.32767','',0),(712,1055,7,'lc-11/2/0.32769','',0),(713,793,7,'ae6','BirjaTelecom',0),(714,1276,7,'xe-8/2/0.3216','',0),(715,1205,7,'ae10.800','IHOME_VNET_10G',0),(716,1287,7,'xe-8/2/0.604','',0),(717,1009,7,'xe-5/1/0','IHOME_VNET_20G_ID_101_1#2',0),(718,654,7,'pfe-1/2/0','',0),(719,883,7,'xe-9/1/0.805','',0),(720,1159,7,'xe-11/2/0.0','',0),(721,618,7,'pfe-3/0/0.16383','',0),(722,655,7,'pfe-1/3/0','',0),(723,848,7,'ae3.3216','',0),(724,1163,7,'xe-10/0/0.0','',0),(725,1367,7,'xe-8/3/0.81','',0),(726,1323,7,'xe-2/3/0.653','',0),(727,1405,7,'ae10.1623','',0),(728,1455,7,'xe-10/2/0.1','',0),(729,1256,7,'xe-8/1/0.3216','',0),(730,1024,7,'pfe-10/2/0.16383','',0),(731,1060,7,'ae3.606','ORANGE2',0),(732,703,7,'pfe-8/2/0','',0),(733,864,7,'ae3.805','1Mbit_smartnet_to_moscow',0),(734,1016,7,'pfh-10/0/0','',0),(735,13,7,'fxp0.0','',0),(736,972,7,'pfh-4/0/0','',0),(737,799,7,'ae11','LAG20G_to_MX960_saratov',0),(738,1377,7,'xe-4/3/0.993','',0),(739,925,7,'ge-7/1/3.3751','',0),(740,1461,7,'xe-2/2/0.450','',0),(741,840,7,'ae0.0','',0),(742,1042,7,'lc-10/2/0','',0),(743,1351,7,'xe-4/3/0.1','',0),(744,1411,7,'xe-4/3/0.1623','',0),(745,802,7,'ae13','',0),(746,4,7,'lsi','',0),(747,528,7,'lc-1/0/0','',0),(748,945,7,'ge-7/1/1.203','',0),(749,559,6,'ae2','BACKUP_IHOME',0),(750,538,6,'pfh-5/0/0','',0),(751,21,6,'lo0.16384','',0),(752,554,6,'as0.0','',0),(753,565,6,'ae6.0','',0),(754,7,6,'tap','',0),(755,546,6,'as1','',0),(756,552,6,'so-0/0/0:2.0','',0),(757,520,6,'ge-5/0/0','toMX960-2_xe_9_3_0',0),(758,537,6,'pfh-2/0/0.16383','',0),(759,521,6,'pfh-1/0/0.16383','',0),(760,18,6,'em0.0','',0),(761,560,6,'ae5','',0),(762,566,6,'so-1/0/0:0','',0),(763,522,6,'ge-5/1/0','',0),(764,16,6,'lo0.0','',0),(765,525,6,'so-2/0/2.0','',0),(766,512,6,'so-2/0/0','',0),(767,533,6,'so-2/0/2','',0),(768,534,6,'so-2/0/3','',0),(769,20,6,'bcm0.0','',0),(770,556,6,'so-0/0/0:3.0','',0),(771,536,6,'so-0/0/0:2','toHuawei8.2',0),(772,551,6,'so-0/0/0:1.0','',0),(773,529,6,'so-2/0/1','',0),(774,10,6,'pime','',0),(775,550,6,'so-0/0/0:0.0','',0),(776,557,6,'ae0','',0),(777,11,6,'pimd','',0),(778,511,6,'pfh-1/0/0','',0),(779,505,6,'so-0/0/0:1','toHuawei8.2',0),(780,535,6,'so-2/0/1.0','',0),(781,514,6,'so-3/0/0','',0),(782,541,6,'pfh-4/0/0','',0),(783,508,6,'pfh-3/0/0','',0),(784,564,6,'ae2.888','',0),(785,563,6,'ae7','',0),(786,547,6,'ge-4/1/0.0','',0),(787,540,6,'so-0/0/0:3','toHuawei8.2',0),(788,558,6,'ae1','',0),(789,12,6,'mtun','',0),(790,510,6,'so-1/1/0','',0),(791,530,6,'pfh-2/0/0','',0),(792,19,6,'bcm0','',0),(793,507,6,'pfh-0/0/0','',0),(794,573,6,'so-0/1/0.0','',0),(795,503,6,'pp0','',0),(796,549,6,'ae4','',0),(797,17,6,'em0','',0),(798,548,6,'ae3','',0),(799,1,6,'fxp0','',0),(800,567,6,'so-1/0/0:1','',0),(801,506,6,'so-0/1/0','M320_DE',0),(802,570,6,'pfh-3/0/0.16383','',0),(803,545,6,'ge-5/0/0.0','',0),(804,501,6,'as0','',0),(805,544,6,'ge-4/1/0','BIRJA',0),(806,502,6,'so-0/0/0:0','',0),(807,543,6,'ge-4/0/0','',0),(808,22,6,'lo0.16385','',0),(809,13,6,'fxp0.0','',0),(810,6,6,'lo0','',0),(811,542,6,'pfh-4/0/0.16383','',0),(812,509,6,'pfh-0/0/0.16383','',0),(813,561,6,'ae6','BIRJA',0),(814,9,6,'ipip','',0),(815,569,6,'so-1/0/0:3','',0),(816,555,6,'ae2.32767','',0),(817,8,6,'gre','',0),(818,568,6,'so-1/0/0:2','',0),(819,4,6,'lsi','',0),(820,539,6,'pfh-5/0/0.16383','',0),(821,5,6,'dsc','',0),(822,1049,5,'Management Port','MgmtPort',0),(823,1000080,5,'VLAN 02229 (v2229)','',0),(824,1026,5,'X670-48x Port 26','',0),(825,1045,5,'X670-48x Port 45','SMR',0),(826,1004,5,'X670-48x Port 4','',0),(827,1000016,5,'VLAN 00205 (v205)','',0),(828,1000060,5,'VLAN 01172 (v1172)','',0),(829,1000090,5,'rtif(10.206.207.2/30)','',0),(830,1018,5,'X670-48x Port 18','',0),(831,1000051,5,'VLAN 01124 (v1124)','',0),(832,1007,5,'X670-48x Port 7','',0),(833,1031,5,'X670-48x Port 31','',0),(834,1020,5,'X670-48x Port 20','',0),(835,1013,5,'X670-48x Port 13','',0),(836,1000001,5,'VirtualRouter0','',0),(837,1000004,5,'VLAN 00001 (Default)','',0),(838,1000092,5,'rtif(10.207.208.2/30)','',0),(839,1011,5,'X670-48x Port 11','',0),(840,1000084,5,'VLAN 03888 (v3888)','',0),(841,1021,5,'X670-48x Port 21','',0),(842,1000070,5,'VLAN 01212 (v1212)','',0),(843,1019,5,'X670-48x Port 19','',0),(844,1000020,5,'VLAN 00215 (v215)','',0),(845,1000047,5,'VLAN 01120 (v1120)','',0),(846,1010,5,'X670-48x Port 10','',0),(847,1000072,5,'VLAN 01214 (v1214)','',0),(848,1000068,5,'VLAN 01183 (v1183)','',0),(849,1000011,5,'VLAN 01117 (v1117-mng)','',0),(850,1000049,5,'VLAN 01122 (v1122)','',0),(851,1000093,5,'VLAN 00557 (v557)','',0),(852,1000066,5,'VLAN 01181 (v1181)','',0),(853,1000079,5,'VLAN 01305 (v1305)','',0),(854,1023,5,'X670-48x Port 23','',0),(855,1000073,5,'VLAN 01215 (v1215)','',0),(856,1000014,5,'VLAN 01070 (v1070-renetco','',0),(857,1000094,5,'VLAN 00558 (v558)','',0),(858,1028,5,'X670-48x Port 28','',0),(859,1041,5,'X670-48x Port 41','',0),(860,1000037,5,'VLAN 01101 (v1101)','',0),(861,1000077,5,'VLAN 01264 (v1264)','',0),(862,1000019,5,'VLAN 00214 (v214)','',0),(863,1046,5,'X670-48x Port 46','MSK',0),(864,1000031,5,'VLAN 01064 (v1064)','',0),(865,1000062,5,'VLAN 01174 (v1174)','',0),(866,1000022,5,'VLAN 04014 (v998)','',0),(867,1000017,5,'VLAN 00212 (v212)','',0),(868,1000007,5,'rtif(172.16.16.4/26)','',0),(869,1043,5,'X670-48x Port 43','',0),(870,1000003,5,'VirtualRouter2','',0),(871,1000053,5,'VLAN 01163 (v1163)','',0),(872,1000088,5,'VLAN 00106 (v106)','',0),(873,1000085,5,'VLAN 03998 (v3998)','',0),(874,1000075,5,'VLAN 01262 (v1262)','',0),(875,1000042,5,'VLAN 01115 (v1115)','',0),(876,1000057,5,'VLAN 01168 (v1168)','',0),(877,1000025,5,'VLAN 01009 (v1009)','',0),(878,1000091,5,'VLAN 00556 (v556)','',0),(879,1006,5,'X670-48x Port 6','',0),(880,1000097,5,'VLAN 00165 (v165)','',0),(881,1034,5,'X670-48x Port 34','',0),(882,1000081,5,'VLAN 03004 (v3004)','',0),(883,1025,5,'X670-48x Port 25','',0),(884,1003,5,'X670-48x Port 3','',0),(885,1037,5,'X670-48x Port 37','',0),(886,1015,5,'X670-48x Port 15','',0),(887,1000096,5,'VLAN 00559 (v559)','',0),(888,1000009,5,'VLAN 01062 (v1062-altura)','',0),(889,1000027,5,'VLAN 01058 (v1058)','',0),(890,1048,5,'X670-48x Port 48','ch153-rs1',0),(891,1000064,5,'VLAN 01176 (v1176)','',0),(892,1017,5,'X670-48x Port 17','',0),(893,1029,5,'X670-48x Port 29','',0),(894,1000028,5,'VLAN 01059 (v1059)','',0),(895,1000005,5,'VLAN 04095 (Mgmt)','Management VLAN',0),(896,1000052,5,'VLAN 01162 (v1162)','',0),(897,1040,5,'X670-48x Port 40','',0),(898,1000033,5,'VLAN 01066 (v1066)','',0),(899,1008,5,'X670-48x Port 8','',0),(900,1012,5,'X670-48x Port 12','',0),(901,1000071,5,'VLAN 01213 (v1213)','',0),(902,1027,5,'X670-48x Port 27','',0),(903,1001,5,'X670-48x Port 1','',0),(904,1000055,5,'VLAN 01166 (v1166)','',0),(905,1000021,5,'VLAN 00216 (v216)','',0),(906,1000083,5,'VLAN 03876 (v3876)','',0),(907,1032,5,'X670-48x Port 32','',0),(908,1014,5,'X670-48x Port 14','',0),(909,1044,5,'X670-48x Port 44','',0),(910,1000086,5,'VLAN 04079 (v4079)','',0),(911,1000040,5,'VLAN 01113 (v1113)','',0),(912,1000067,5,'VLAN 01182 (v1182)','',0),(913,1035,5,'X670-48x Port 35','',0),(914,1000048,5,'VLAN 01121 (v1121)','',0),(915,1022,5,'X670-48x Port 22','',0),(916,1000059,5,'VLAN 01171 (v1171)','',0),(917,1000089,5,'VLAN 00555 (v555)','',0),(918,1000046,5,'VLAN 01119 (v1119)','',0),(919,1000041,5,'VLAN 01114 (v1114)','',0),(920,1000015,5,'VLAN 00203 (v203)','',0),(921,1000065,5,'VLAN 01180 (v1180)','',0),(922,1000023,5,'VLAN 00857 (v857)','',0),(923,1002,5,'X670-48x Port 2','',0),(924,1030,5,'X670-48x Port 30','',0),(925,1000050,5,'VLAN 01123 (v1123)','',0),(926,1000039,5,'VLAN 01112 (v1112)','',0),(927,1047,5,'X670-48x Port 47','MMTS',0),(928,1000078,5,'VLAN 01265 (v1265)','',0),(929,1000098,5,'VLAN 00166 (v166)','',0),(930,1009,5,'X670-48x Port 9','',0),(931,1039,5,'X670-48x Port 39','',0),(932,1005,5,'X670-48x Port 5','',0),(933,1000087,5,'VLAN 00013 (v13)','',0),(934,1000018,5,'VLAN 00213 (v213)','',0),(935,1000095,5,'rtif(141.101.186.42/30)','',0),(936,1000061,5,'VLAN 01173 (v1173)','',0),(937,1000074,5,'VLAN 01261 (v1261)','',0),(938,1036,5,'X670-48x Port 36','',0),(939,1000054,5,'VLAN 01165 (v1165)','',0),(940,1000035,5,'VLAN 01069 (v1069)','',0),(941,1000002,5,'VirtualRouter1','',0),(942,1000082,5,'VLAN 03005 (v3005)','',0),(943,1038,5,'X670-48x Port 38','',0),(944,1024,5,'X670-48x Port 24','',0),(945,1000069,5,'VLAN 01211 (v1211)','',0),(946,1000058,5,'VLAN 01170 (v1170)','',0),(947,1000012,5,'VLAN 01067 (v1067-renetco','',0),(948,1000045,5,'VLAN 01118 (v1118)','',0),(949,1000038,5,'VLAN 01111 (v1111)','',0),(950,1016,5,'X670-48x Port 16','',0),(951,1000024,5,'VLAN 00907 (v907)','',0),(952,1000043,5,'VLAN 01116 (v1116)','',0),(953,1000076,5,'VLAN 01263 (v1263)','',0),(954,1000006,5,'VLAN 00998 (v998-mgmt)','',0),(955,1042,5,'X670-48x Port 42','',0),(956,1000063,5,'VLAN 01175 (v1175)','',0),(957,1000013,5,'VLAN 01065 (v1065-renetco','',0),(958,1000008,5,'VLAN 01063 (v1063-alsitek','',0),(959,1000026,5,'VLAN 01031 (v1031)','',0),(960,1033,5,'X670-48x Port 33','',0),(961,1000056,5,'VLAN 01167 (v1167)','',0),(962,1169,4,'xe-10/3/0','LAG8_to_KT_pktlt_2',0),(963,1648,4,'ae5.14','GGC_Servers',0),(964,1674,4,'xe-4/2/0','to_ekinops_p3_to_KT',0),(965,1481,4,'xe-5/2/0.1','',0),(966,882,4,'xe-3/1/0.0','',0),(967,1659,4,'pfh-4/0/0.16383','',0),(968,1050,4,'xe-11/1/0.800','',0),(969,737,4,'ae8','LAG_to_KT_40G',0),(970,1178,4,'xe-6/2/0.0','',0),(971,767,4,'xe-2/2/0.858','',0),(972,898,4,'ae5.450','GLOBAL_IX',0),(973,798,4,'xe-1/0/0.653','',0),(974,1387,4,'ae3.81','Teliasonera_to_TNS_channe',0),(975,1020,4,'ae3.1622','IHOME_VNET_10G',0),(976,805,4,'xe-1/0/0.85','',0),(977,517,4,'lc-2/0/0.32769','',0),(978,1364,4,'xe-2/2/0.56','',0),(979,1408,4,'xe-5/0/0.805','',0),(980,1312,4,'ae5.653','orange_to_Bishkek_6M',0),(981,846,4,'pfe-3/3/0.16383','',0),(982,722,4,'xe-2/0/0.221','IPTV-for-SCTS-test',0),(983,1021,4,'ae3.800','IHOME_VNET_10G',0),(984,1109,4,'pfe-11/3/0','',0),(985,578,4,'lc-1/1/0.32769','',0),(986,1689,4,'xe-11/3/0.32767','',0),(987,1630,4,'xe-1/3/0.200','',0),(988,1597,4,'xe-5/0/0.3504','',0),(989,695,4,'pd-0/3/0','',0),(990,1553,4,'xe-6/1/0.898','',0),(991,978,4,'ae15','',0),(992,728,4,'ae0','',0),(993,1638,4,'xe-5/1/0.1623','',0),(994,948,4,'xe-1/0/0.606','',0),(995,742,4,'ae13','',0),(996,889,4,'lc-6/1/0.32769','',0),(997,1654,4,'pfh-4/0/0','',0),(998,968,4,'xe-2/0/0.89','RostelecomTVvlan89',0),(999,675,4,'xe-2/0/0.3999','',0),(1000,1233,4,'lc-5/1/0.32769','',0),(1001,1398,4,'xe-5/0/0.32767','',0),(1002,540,4,'lc-0/1/0','',0),(1003,1162,4,'lc-10/0/0.32769','',0),(1004,1615,4,'lc-7/2/0.32769','',0),(1005,684,4,'pfe-2/1/0','',0),(1006,1430,4,'xe-5/1/0.800','',0),(1007,1145,4,'pfe-6/0/0.16383','',0),(1008,1546,4,'xe-6/1/0.3751','',0),(1009,1448,4,'xe-6/0/0.898','',0),(1010,1506,4,'xe-6/2/0.3101','',0),(1011,571,4,'lc-0/3/0.32769','',0),(1012,1214,4,'xe-5/0/0','MMTS_Voronezh_2_pl9p4',0),(1013,1190,4,'pfe-8/0/0.16383','',0),(1014,825,4,'xe-1/0/0.7','',0),(1015,1472,4,'xe-5/2/0.800','',0),(1016,917,4,'ae5.3212','GLOBAL',0),(1017,1660,4,'pfe-4/0/0.16383','',0),(1018,926,4,'xe-8/1/0.166','',0),(1019,1703,4,'xe-11/1/0.1624','',0),(1020,1171,4,'lc-10/3/0.32769','',0),(1021,1246,4,'ae5.10','ALSiTEC_office',0),(1022,739,4,'ae10','KTC-IHOME-20G',0),(1023,1083,4,'xe-2/2/0.787','',0),(1024,1110,4,'pfh-11/0/0.16383','',0),(1025,876,4,'xe-10/1/0.557','',0),(1026,1123,4,'lc-11/2/0.32769','',0),(1027,966,4,'ae5.787','KTC_10g_vlan787',0),(1028,662,4,'pfe-1/0/0','',0),(1029,992,4,'xe-11/2/0.3101','',0),(1030,783,4,'xe-2/2/0.784','',0),(1031,758,4,'xe-1/0/0.3217','',0),(1032,933,4,'xe-2/0/0.229','',0),(1033,706,4,'xe-0/1/0.0','',0),(1034,1172,4,'lc-6/0/0.32769','',0),(1035,1518,4,'xe-6/2/0.604','',0),(1036,1152,4,'pfe-10/1/0','',0),(1037,789,4,'xe-2/0/0.0','',0),(1038,1608,4,'xe-7/0/0','to_ekinops_p5_to_KT',0),(1039,1090,4,'pfe-8/1/0','',0),(1040,627,4,'ae10.32767','',0),(1041,993,4,'xe-11/2/0.203','',0),(1042,1308,4,'ae3.1621','IHOME_VNET_TEST',0),(1043,1429,4,'xe-5/1/0.805','',0),(1044,594,4,'xe-0/1/0','pl_9_p3_to_msk_rascom',0),(1045,1438,4,'xe-5/1/0.6','',0),(1046,1216,4,'ae17','LAG_to_m320',0),(1047,1135,4,'xe-2/2/0.80','',0),(1048,1203,4,'lc-8/3/0','',0),(1049,23,4,'em1','',0),(1050,1528,4,'xe-6/3/0.203','',0),(1051,653,4,'pfh-0/0/0.16383','',0),(1052,1425,4,'xe-5/1/0.1622','',0),(1053,1692,4,'xe-8/1/0.557','',0),(1054,1667,4,'xe-4/0/0.0','',0),(1055,1445,4,'xe-6/0/0.1670','',0),(1056,1678,4,'xe-4/3/0','to_ekinops_p4_to_KT',0),(1057,1015,4,'xe-2/2/0.450','',0),(1058,8,4,'gre','',0),(1059,716,4,'xe-2/2/0.0','',0),(1060,1000,4,'xe-11/2/0.81','',0),(1061,940,4,'ae3.606','ORANGE2',0),(1062,1396,4,'xe-8/0/0.1009','Mcast_from_s1_new',0),(1063,1466,4,'xe-5/2/0.1670','',0),(1064,686,4,'pfe-2/3/0','',0),(1065,778,4,'xe-1/0/0.787','',0),(1066,743,4,'ae14','',0),(1067,685,4,'pfe-2/2/0','',0),(1068,21,4,'lo0.16384','',0),(1069,720,4,'xe-2/0/0.220','',0),(1070,943,4,'ae5.606','ORANGE2',0),(1071,1555,4,'xe-6/1/0.805','',0),(1072,586,4,'lc-1/2/0.32769','',0),(1073,1460,4,'xe-6/0/0.1','',0),(1074,1375,4,'gr-0/3/0.29','ARH',0),(1075,723,4,'xe-2/0/0.222','IPTV-for-SCTS',0),(1076,1202,4,'lc-8/2/0.32769','',0),(1077,637,4,'xe-1/0/0.603','',0),(1078,1585,4,'xe-1/0/0.3504','',0),(1079,595,4,'xe-2/0/0','TO_SCTS_EX4550',0),(1080,999,4,'xe-11/2/0.604','',0),(1081,690,4,'pfe-2/3/0.16383','',0),(1082,1138,4,'gr-0/3/0.21','uk2',0),(1083,1168,4,'lc-10/2/0.32769','',0),(1084,752,4,'xe-2/0/0.4083','Inforum_PEERING',0),(1085,1232,4,'xe-8/0/0.1006','IPTV_transcode4',0),(1086,1180,4,'pfh-5/0/0','',0),(1087,1012,4,'xe-2/2/0.3212','',0),(1088,1185,4,'pfh-5/0/0.16383','',0),(1089,1446,4,'xe-6/0/0.1622','',0),(1090,1267,4,'ae5.805','1Mbit_smartnet_to_moscow',0),(1091,1607,4,'pfe-7/3/0.16383','',0),(1092,1653,4,'ae4.0','',0),(1093,1688,4,'xe-10/0/0.556','',0),(1094,1536,4,'xe-6/3/0.654','',0),(1095,1639,4,'xe-5/2/0.1623','',0),(1096,1035,4,'xe-2/2/0.779','',0),(1097,1266,4,'ae3.805','1Mbit_smartnet_to_moscow',0),(1098,862,4,'lc-3/2/0','',0),(1099,1419,4,'xe-5/1/0.32767','',0),(1100,1153,4,'pfe-10/2/0','',0),(1101,1056,4,'xe-11/2/0.1670','',0),(1102,1618,4,'lc-7/3/0.32769','',0),(1103,1458,4,'xe-6/0/0.29','',0),(1104,683,4,'pfh-2/0/0.16383','',0),(1105,541,4,'lc-0/1/0.32769','',0),(1106,1215,4,'gr-0/3/0.27','FR3',0),(1107,1336,4,'xe-1/0/0.34','',0),(1108,1424,4,'xe-5/1/0.1670','',0),(1109,1089,4,'pfe-8/0/0','',0),(1110,1560,4,'xe-6/1/0.604','',0),(1111,12,4,'mtun','',0),(1112,1473,4,'xe-5/2/0.654','',0),(1113,881,4,'xe-10/1/0.556','',0),(1114,765,4,'lo0.1','',0),(1115,1554,4,'xe-6/1/0.888','',0),(1116,897,4,'lc-6/3/0','',0),(1117,1628,4,'ae11.200','',0),(1118,1173,4,'xe-10/2/0.0','',0),(1119,1530,4,'xe-6/3/0.1622','',0),(1120,762,4,'xe-1/0/0.3212','',0),(1121,1144,4,'pfh-6/0/0.16383','',0),(1122,734,4,'ae5','LAG_80G_to_exSaratov',0),(1123,875,4,'xe-11/0/0.0','',0),(1124,567,4,'lc-1/0/0','',0),(1125,1522,4,'xe-6/2/0.6','',0),(1126,1,4,'fxp0','',0),(1127,1197,4,'lc-8/1/0','',0),(1128,1580,4,'xe-6/3/0.993','',0),(1129,1258,4,'ae3.3216','IPTV_global-one',0),(1130,965,4,'ae5.788','KTC_10g_vlan788_101-1',0),(1131,824,4,'gr-0/3/0.0','',0),(1132,1439,4,'xe-5/1/0.1','',0),(1133,1440,4,'xe-6/0/0.32767','',0),(1134,661,4,'pfh-1/0/0','',0),(1135,1395,4,'xe-8/0/0.1008','Mcast_to_s1_new',0),(1136,800,4,'xe-1/0/0.450','',0),(1137,1148,4,'pfe-6/3/0.16383','',0),(1138,1471,4,'xe-5/2/0.805','',0),(1139,906,4,'xe-1/1/0.166','',0),(1140,1349,4,'xe-2/2/0.34','',0),(1141,1321,4,'ae5.654','Moscow_Almaty_Turktelecom',0),(1142,1407,4,'xe-5/0/0.888','',0),(1143,678,4,'ae5.11','UFA_IX',0),(1144,1517,4,'xe-6/2/0.606','',0),(1145,605,4,'ae3.1','PtP_ipv6',0),(1146,1568,4,'ae5.993','',0),(1147,607,4,'pd-0/3/0.36874','',0),(1148,773,4,'xe-1/1/0.32767','',0),(1149,813,4,'xe-2/2/0.2','',0),(1150,1699,4,'xe-11/3/0.558','',0),(1151,1247,4,'xe-10/1/0.32767','',0),(1152,22,4,'lo0.16385','',0),(1153,759,4,'xe-2/2/0.11','',0),(1154,851,4,'gr-0/3/0.26','',0),(1155,927,4,'xe-8/1/0.165','',0),(1156,1228,4,'xe-8/0/0.12','',0),(1157,1576,4,'xe-5/0/0.993','',0),(1158,1073,4,'xe-2/2/0.788','',0),(1159,694,4,'xe-2/0/0.90','ttk_PEERING',0),(1160,816,4,'pe-0/3/0.36867','',0),(1161,1103,4,'pe-0/3/0.36870','',0),(1162,1622,4,'xe-7/2/0.0','',0),(1163,1450,4,'xe-6/0/0.805','',0),(1164,568,4,'lc-1/0/0.32769','',0),(1165,652,4,'pfe-0/0/0','',0),(1166,874,4,'ae8.0','KAZTELECOM_40G',0),(1167,1062,4,'gr-0/3/0.4','DE2_new',0),(1168,791,4,'gr-0/3/0.24','DE5',0),(1169,1436,4,'xe-5/1/0.80','',0),(1170,1143,4,'pfe-6/3/0','',0),(1171,1700,4,'xe-8/1/0.558','',0),(1172,1591,4,'xe-5/1/0.3504','',0),(1173,1677,4,'lc-4/3/0.32769','',0),(1174,1539,4,'xe-6/3/0.604','',0),(1175,916,4,'ae5.3217','GLOBAL_OUT_TRAFFIC',0),(1176,1320,4,'ae3.654','Moscow_Almaty_Turktelecom',0),(1177,796,4,'pe-0/3/0.36865','',0),(1178,1457,4,'xe-6/0/0.80','',0),(1179,844,4,'pfe-3/1/0.16383','',0),(1180,1541,4,'xe-6/3/0.80','',0),(1181,1621,4,'xe-7/1/0.0','',0),(1182,787,4,'ae3.3101','cifra1_bgp',0),(1183,1561,4,'xe-6/1/0.81','',0),(1184,1469,4,'xe-5/2/0.898','',0),(1185,746,4,'xe-2/0/0.227','Alter',0),(1186,919,4,'xe-2/2/0.1101','',0),(1187,888,4,'xe-1/0/0.1101','',0),(1188,633,4,'ae5.6','mgmt_msk_24100',0),(1189,1011,4,'xe-2/2/0.3217','',0),(1190,1372,4,'xe-2/2/0.555','',0),(1191,1669,4,'lc-4/1/0.32769','',0),(1192,1581,4,'xe-5/2/0.993','',0),(1193,1239,4,'xe-5/2/0.0','',0),(1194,1507,4,'xe-6/2/0.203','',0),(1195,1161,4,'lc-10/0/0','',0),(1196,1604,4,'pfe-7/0/0.16383','',0),(1197,1285,4,'xe-5/3/0.1670','',0),(1198,700,4,'mt-0/3/0','',0),(1199,868,4,'lc-3/3/0','',0),(1200,990,4,'xe-11/2/0.3751','',0),(1201,764,4,'xe-1/0/0.805','',0),(1202,932,4,'xe-1/0/0.28','',0),(1203,1614,4,'lc-7/2/0','',0),(1204,1442,4,'xe-6/0/0.3216','',0),(1205,672,4,'xe-2/2/0.605','',0),(1206,1140,4,'pfe-6/0/0','',0),(1207,769,4,'lt-0/3/0.11','',0),(1208,1181,4,'pfe-5/0/0','',0),(1209,1556,4,'xe-6/1/0.800','',0),(1210,1549,4,'xe-6/1/0.203','',0),(1211,1525,4,'xe-6/3/0.3751','',0),(1212,1242,4,'xe-5/3/0','IHOME_VNET_20G_ID_101_1#2',0),(1213,1107,4,'pfe-11/1/0','',0),(1214,853,4,'gr-0/3/0.3','fr3',0),(1215,606,4,'pe-0/3/0.36871','',0),(1216,1414,4,'xe-5/0/0.81','',0),(1217,1245,4,'ae17.32767','',0),(1218,1201,4,'lc-8/2/0','',0),(1219,1400,4,'xe-5/0/0.3216','',0),(1220,691,4,'xe-0/0/0.0','',0),(1221,666,4,'pfe-1/3/0','',0),(1222,1676,4,'lc-4/3/0','',0),(1223,1195,4,'lc-8/0/0.32769','',0),(1224,17,4,'em0','',0),(1225,911,4,'xe-10/1/0.165','',0),(1226,1063,4,'gr-0/3/0.5','Arch1',0),(1227,1567,4,'ae3.993','',0),(1228,1111,4,'pfe-11/0/0.16383','',0),(1229,1274,4,'xe-2/2/0.805','',0),(1230,907,4,'xe-1/1/0.165','',0),(1231,708,4,'xe-1/2/0.0','',0),(1232,650,4,'xe-2/0/0.75','TEST',0),(1233,1154,4,'pfe-10/3/0','',0),(1234,1601,4,'pfe-7/2/0','',0),(1235,1656,4,'pfe-4/1/0','',0),(1236,1210,4,'lc-5/0/0','',0),(1237,895,4,'lc-6/2/0.32769','',0),(1238,856,4,'lc-3/1/0.32769','',0),(1239,1664,4,'lc-4/0/0','',0),(1240,664,4,'pfh-1/0/0.16383','',0),(1241,1157,4,'pfe-10/1/0.16383','',0),(1242,1470,4,'xe-5/2/0.888','',0),(1243,588,4,'lc-1/3/0','',0),(1244,1684,4,'ae6.556','',0),(1245,1690,4,'xe-11/3/0.557','',0),(1246,756,4,'xe-2/0/0.1698','RT_IPTV_PIM',0),(1247,1283,4,'ae10.800','IHOME_VNET_10G',0),(1248,1220,4,'xe-8/0/0.10','',0),(1249,1420,4,'xe-5/1/0.3751','',0),(1250,1582,4,'xe-5/1/0.993','',0),(1251,1599,4,'pfe-7/0/0','',0),(1252,1149,4,'lc-6/0/0','',0),(1253,1594,4,'xe-6/1/0.3504','',0),(1254,996,4,'xe-11/2/0.654','',0),(1255,1533,4,'xe-6/3/0.888','',0),(1256,1435,4,'xe-5/1/0.81','',0),(1257,1548,4,'xe-6/1/0.3101','',0),(1258,651,4,'pfh-0/0/0','',0),(1259,956,4,'xe-2/2/0.606','',0),(1260,1662,4,'pfe-4/2/0.16383','',0),(1261,1087,4,'ae3.898','TurkmenAsiada',0),(1262,810,4,'xe-1/0/0.10','',0),(1263,1238,4,'xe-5/2/0','Michurinsk_MM-6',0),(1264,1587,4,'xe-11/2/0.3504','',0),(1265,1540,4,'xe-6/3/0.81','',0),(1266,660,4,'pfe-0/3/0.16383','',0),(1267,1661,4,'pfe-4/1/0.16383','',0),(1268,1284,4,'xe-5/3/0.32767','',0),(1269,1559,4,'xe-6/1/0.606','',0),(1270,7,4,'tap','',0),(1271,887,4,'ae5.1101','UFA_IX_Mcast',0),(1272,1701,4,'xe-8/3/0.558','',0),(1273,1606,4,'pfe-7/2/0.16383','',0),(1274,1160,4,'xe-10/0/0','to_Rtelecom_extreme_p14',0),(1275,806,4,'xe-1/0/0.81','',0),(1276,869,4,'lc-3/3/0.32769','',0),(1277,1221,4,'xe-8/0/0.32767','',0),(1278,1592,4,'xe-5/2/0.3504','',0),(1279,790,4,'xe-1/0/0.0','',0),(1280,1200,4,'xe-8/2/0','pl_9_p10_to_msk_rascom',0),(1281,918,4,'ae5.666','mgmt',0),(1282,1229,4,'xe-8/0/0.1003','',0),(1283,1682,4,'ae6.32767','',0),(1284,1413,4,'xe-5/0/0.604','',0),(1285,1122,4,'lc-11/2/0','',0),(1286,604,4,'vt-0/3/0.2097152','',0),(1287,1108,4,'pfe-11/2/0','',0),(1288,1697,4,'xe-1/1/0.558','',0),(1289,556,4,'lc-0/2/0.32769','',0),(1290,717,4,'xe-2/2/0.32767','',0),(1291,1598,4,'pfh-7/0/0','',0),(1292,1053,4,'ae5.4','TEST_MSK-IX',0),(1293,1014,4,'xe-2/2/0.666','',0),(1294,843,4,'pfe-3/0/0.16383','',0),(1295,815,4,'xe-1/0/0.2','',0),(1296,1511,4,'xe-6/2/0.898','',0),(1297,1182,4,'pfe-5/1/0','',0),(1298,1447,4,'xe-6/0/0.1621','',0),(1299,632,4,'ae3.6','mgmt_msk_24100',0),(1300,991,4,'xe-11/2/0.3216','',0),(1301,1510,4,'xe-6/2/0.1621','',0),(1302,692,4,'ae14.32767','',0),(1303,610,4,'lc-2/2/0','',0),(1304,1605,4,'pfe-7/1/0.16383','',0),(1305,931,4,'ae5.28','to_M320',0),(1306,663,4,'pfe-1/1/0','',0),(1307,1198,4,'lc-8/1/0.32769','',0),(1308,1519,4,'xe-6/2/0.81','',0),(1309,969,4,'xe-8/0/0.89','RostelecomTVvlan89',0),(1310,1409,4,'xe-5/0/0.800','',0),(1311,1174,4,'xe-10/3/0.0','',0),(1312,797,4,'pe-0/3/0.36866','',0),(1313,766,4,'xe-2/1/0.32767','',0),(1314,1175,4,'xe-6/0/0','MMTS_Voronezh_4_pl9p6',0),(1315,658,4,'pfe-0/1/0.16383','',0),(1316,1574,4,'xe-2/2/0.993','',0),(1317,1579,4,'xe-6/2/0.993','',0),(1318,877,4,'xe-11/2/0.0','',0),(1319,659,4,'pfe-0/2/0.16383','',0),(1320,1663,4,'pfe-4/3/0.16383','',0),(1321,1236,4,'lc-5/2/0','',0),(1322,967,4,'pe-0/3/0.36873','',0),(1323,1508,4,'xe-6/2/0.1670','',0),(1324,1683,4,'ae6.557','',0),(1325,1611,4,'lc-7/1/0','',0),(1326,1326,4,'xe-11/2/0.1621','',0),(1327,645,4,'ae5.605','TNS_8.3g',0),(1328,1141,4,'pfe-6/1/0','',0),(1329,1128,4,'ae5.80','Teliasonera_to_TNS_channe',0),(1330,682,4,'pfe-2/0/0','',0),(1331,1088,4,'pfh-8/0/0','',0),(1332,984,4,'ae5.888','IHOME_vlan888',0),(1333,1176,4,'xe-6/0/0.0','',0),(1334,1155,4,'pfh-10/0/0.16383','',0),(1335,1452,4,'xe-6/0/0.654','',0),(1336,788,4,'gr-0/3/0.25','CA',0),(1337,709,4,'xe-1/3/0.0','',0),(1338,1520,4,'xe-6/2/0.80','',0),(1339,589,4,'lc-1/3/0.32769','',0),(1340,614,4,'xe-2/1/0.556','',0),(1341,501,4,'cbp0','',0),(1342,699,4,'vt-0/3/0','',0),(1343,1115,4,'xe-11/0/0','LAG8_to_KT_pktlt_3',0),(1344,687,4,'pfe-2/0/0.16383','',0),(1345,1617,4,'lc-7/3/0','',0),(1346,1465,4,'xe-5/2/0.203','',0),(1347,1112,4,'pfe-11/1/0.16383','',0),(1348,626,4,'lc-2/3/0.32769','',0),(1349,1397,4,'xe-8/0/0.1010','Mcast_to_s1',0),(1350,1437,4,'xe-5/1/0.29','',0),(1351,1562,4,'xe-6/1/0.80','',0),(1352,1426,4,'xe-5/1/0.1621','',0),(1353,1358,4,'ae5.56','testLAB',0),(1354,757,4,'ae14.0','to_dlink',0),(1355,809,4,'xe-1/0/0.21','',0),(1356,1156,4,'pfe-10/0/0.16383','',0),(1357,9,4,'ipip','',0),(1358,1557,4,'xe-6/1/0.654','',0),(1359,1099,4,'xe-2/2/0.781','',0),(1360,1217,4,'ae17.0','',0),(1361,1600,4,'pfe-7/1/0','',0),(1362,591,4,'xe-0/0/0','pl_9_p11_to_msk_rascom',0),(1363,745,4,'xe-2/0/0.226','IPTV-for-SCTS_vlan225_TES',0),(1364,736,4,'ae7','RASCOM',0),(1365,603,4,'xe-8/0/0.889','IPMI_s1',0),(1366,828,4,'xe-2/2/0.7','',0),(1367,1410,4,'xe-5/0/0.654','',0),(1368,1698,4,'xe-10/0/0.558','',0),(1369,1434,4,'xe-5/1/0.604','',0),(1370,850,4,'xe-3/1/0','to_ekinops_p9_to_KT',0),(1371,1547,4,'xe-6/1/0.3216','',0),(1372,937,4,'ae5.87','CLOUD-IX',0),(1373,1619,4,'xe-7/3/0','to_ekinops_p8_to_KT',0),(1374,1218,4,'xe-5/0/0.0','',0),(1375,1193,4,'pfe-8/3/0.16383','',0),(1376,730,4,'xe-2/0/0.225','IPTV-for-SCTS_vlan225_TES',0),(1377,16,4,'lo0.0','',0),(1378,1404,4,'xe-5/0/0.1622','',0),(1379,921,4,'xe-8/1/0.32767','',0),(1380,1013,4,'ae3.1670','IHOME_VNET_10G',0),(1381,1543,4,'xe-6/3/0.6','',0),(1382,1681,4,'ae7.0','',0),(1383,872,4,'xe-8/0/0.237','',0),(1384,1693,4,'xe-8/1/0.556','',0),(1385,1625,4,'ae11.32767','',0),(1386,1106,4,'pfe-11/0/0','',0),(1387,1402,4,'xe-5/0/0.203','',0),(1388,994,4,'xe-11/2/0.888','',0),(1389,1146,4,'pfe-6/1/0.16383','',0),(1390,611,4,'lc-2/2/0.32769','',0),(1391,1531,4,'xe-6/3/0.1621','',0),(1392,584,4,'xe-1/2/0','pl_9_p9_to_msk_rascom',0),(1393,849,4,'xe-3/0/0','QinQ_IHOME-SMARTNET_6.5G_',0),(1394,11,4,'pimd','',0),(1395,1550,4,'xe-6/1/0.1670','',0),(1396,1454,4,'xe-6/0/0.606','',0),(1397,1421,4,'xe-5/1/0.3216','',0),(1398,842,4,'pfh-3/0/0.16383','',0),(1399,1523,4,'xe-6/2/0.1','',0),(1400,665,4,'pfe-1/2/0','',0),(1401,899,4,'lc-6/3/0.32769','',0),(1402,865,4,'xe-3/2/0.0','',0),(1403,1184,4,'pfe-5/3/0','',0),(1404,1476,4,'xe-5/2/0.604','',0),(1405,1207,4,'pfe-5/3/0.16383','',0),(1406,1584,4,'ae5.3504','',0),(1407,904,4,'ae3.3751','CIFRA_1_IPTV',0),(1408,930,4,'xe-2/0/0.106','SCTS_PRT1',0),(1409,1675,4,'xe-4/2/0.0','',0),(1410,1306,4,'xe-5/3/0.800','',0),(1411,1577,4,'xe-6/0/0.993','',0),(1412,649,4,'xe-1/0/0.605','',0),(1413,1572,4,'xe-11/2/0.993','',0),(1414,689,4,'pfe-2/2/0.16383','',0),(1415,1091,4,'pfe-8/2/0','',0),(1416,886,4,'ae5.21','ALTURA',0),(1417,1318,4,'xe-2/2/0.653','',0),(1418,1116,4,'lc-11/0/0','',0),(1419,1329,4,'xe-2/2/0.654','',0),(1420,795,4,'xe-1/0/0.654','',0),(1421,1028,4,'ae5.779','Vnet650M',0),(1422,1589,4,'xe-2/2/0.3504','',0),(1423,585,4,'lc-1/2/0','',0),(1424,1609,4,'lc-7/0/0','',0),(1425,794,4,'xe-1/0/0.666','',0),(1426,727,4,'xe-2/0/0.224','IPTV-for-SCTS_vlan224_TES',0),(1427,939,4,'pe-0/3/0.36872','',0),(1428,944,4,'xe-2/2/0.28','',0),(1429,1281,4,'ae10.1622','IHOME_VNET_10G',0),(1430,1113,4,'pfe-11/2/0.16383','',0),(1431,732,4,'ae3','LAG_TO_R2_MOSCOW_M9',0),(1432,811,4,'xe-1/0/0.6','',0),(1433,913,4,'xe-11/3/0.165','',0),(1434,1670,4,'xe-4/1/0','to_ekinops_p2_to_KT',0),(1435,1603,4,'pfh-7/0/0.16383','',0),(1436,1503,4,'xe-6/2/0.32767','',0),(1437,1612,4,'lc-7/1/0.32769','',0),(1438,819,4,'pe-0/3/0.36868','',0),(1439,1177,4,'lc-6/1/0','',0),(1440,1189,4,'pfh-8/0/0.16383','',0),(1441,970,4,'ae3.888','IHOME_vlan888',0),(1442,1127,4,'gr-0/3/0.20','ua_new',0),(1443,776,4,'xe-1/0/0.789','',0),(1444,1537,4,'xe-6/3/0.653','',0),(1445,1509,4,'xe-6/2/0.1622','',0),(1446,894,4,'lc-6/2/0','',0),(1447,1416,4,'xe-5/0/0.29','',0),(1448,24,4,'em1.0','',0),(1449,1459,4,'xe-6/0/0.6','',0),(1450,1570,4,'xe-1/0/0.993','',0),(1451,1658,4,'pfe-4/3/0','',0),(1452,1643,4,'xe-6/2/0.1623','',0),(1453,1565,4,'xe-6/1/0.1','',0),(1454,1558,4,'xe-6/1/0.653','',0),(1455,1479,4,'xe-5/2/0.29','',0),(1456,502,4,'demux0','',0),(1457,1286,4,'ae3.80','Teliasonera_to_TNS_channe',0),(1458,1671,4,'xe-4/1/0.0','',0),(1459,1635,4,'xe-11/1/0.1623','',0),(1460,1237,4,'lc-5/2/0.32769','',0),(1461,985,4,'xe-1/0/0.888','',0),(1462,1467,4,'xe-5/2/0.1622','',0),(1463,1463,4,'xe-5/2/0.3216','',0),(1464,754,4,'xe-2/0/0.181','Alternativa',0),(1465,1513,4,'xe-6/2/0.805','',0),(1466,747,4,'xe-2/0/0.228','ORTPC_TV',0),(1467,553,4,'lc-2/1/0.32769','',0),(1468,847,4,'lc-3/0/0','',0),(1469,1101,4,'gr-0/3/0.6','DE',0),(1470,1166,4,'xe-10/2/0','LAG8_to_KT_pktlt_1',0),(1471,704,4,'xe-2/0/0.995','BEELINE',0),(1472,1252,4,'xe-2/2/0.10','',0),(1473,1563,4,'xe-6/1/0.29','',0),(1474,1633,4,'ae10.1623','',0),(1475,1003,4,'xe-11/2/0.80','',0),(1476,1165,4,'lc-10/1/0.32769','',0),(1477,1462,4,'xe-5/2/0.3751','',0),(1478,555,4,'lc-0/2/0','',0),(1479,1054,4,'xe-11/1/0.1670','',0),(1480,681,4,'pfh-2/0/0','',0),(1481,1037,4,'ae5.804','TNS+',0),(1482,1427,4,'xe-5/1/0.898','',0),(1483,1017,4,'xe-2/2/0.85','',0),(1484,855,4,'lc-3/1/0','',0),(1485,5,4,'dsc','',0),(1486,698,4,'ip-0/3/0','',0),(1487,1634,4,'ae3.1623','',0),(1488,1057,4,'xe-11/2/0.1622','',0),(1489,554,4,'xe-0/2/0','Voronezh_8_pl9p8',0),(1490,679,4,'xe-1/0/0.11','',0),(1491,552,4,'lc-2/1/0','',0),(1492,1602,4,'pfe-7/3/0','',0),(1493,1147,4,'pfe-6/2/0.16383','',0),(1494,880,4,'xe-8/0/0.243','',0),(1495,1241,4,'lc-5/3/0.32769','',0),(1496,1623,4,'xe-7/3/0.0','',0),(1497,1441,4,'xe-6/0/0.3751','',0),(1498,1433,4,'xe-5/1/0.606','',0),(1499,1399,4,'xe-5/0/0.3751','',0),(1500,1666,4,'xe-4/0/0','to_ekinops_p1_to_KT',0),(1501,890,4,'xe-2/3/0.32767','',0),(1502,786,4,'xe-1/0/0.781','',0),(1503,1117,4,'lc-11/0/0.32769','',0),(1504,740,4,'ae11','LAG20G_to_MX960_moscow',0),(1505,1289,4,'xe-8/2/0.0','',0),(1506,1282,4,'ae10.888','IHOME_VNET_10G',0),(1507,922,4,'xe-2/1/0.166','',0),(1508,841,4,'pfe-3/3/0','',0),(1509,871,4,'xe-8/0/0.235','',0),(1510,1694,4,'xe-8/3/0.557','',0),(1511,1401,4,'xe-5/0/0.3101','',0),(1512,1044,4,'xe-2/2/0.804','',0),(1513,1072,4,'xe-2/2/0.789','',0),(1514,719,4,'xe-2/0/0.19','J_R',0),(1515,1139,4,'gr-0/3/0.22','',0),(1516,1394,4,'xe-8/0/0.1007','Mcast_from_s1',0),(1517,612,4,'xe-2/1/0.558','',0),(1518,1529,4,'xe-6/3/0.1670','',0),(1519,902,4,'ae5.85','MSK-IX',0),(1520,827,4,'xe-1/0/0.32767','',0),(1521,1222,4,'xe-8/0/0.11','RETN',0),(1522,1277,4,'ae10.1670','IHOME_VNET_10G',0),(1523,1240,4,'lc-5/3/0','',0),(1524,701,4,'lt-0/3/0','',0),(1525,867,4,'xe-3/3/0','Smarnet_2.8G',0),(1526,1624,4,'ae11.0','',0),(1527,1219,4,'gr-0/3/0.28','',0),(1528,1695,4,'xe-8/3/0.556','',0),(1529,817,4,'ae5.7','to_modem_ozinki_avtodor',0),(1530,1552,4,'xe-6/1/0.1621','',0),(1531,1194,4,'lc-8/0/0','',0),(1532,1704,4,'xe-5/3/0.1624','',0),(1533,731,4,'ae2','',0),(1534,668,4,'pfe-1/1/0.16383','',0),(1535,688,4,'pfe-2/1/0.16383','',0),(1536,657,4,'pfe-0/3/0','',0),(1537,1451,4,'xe-6/0/0.800','',0),(1538,1126,4,'lc-11/3/0.32769','',0),(1539,774,4,'ae5.784','Kaztranscom_inet_3',0),(1540,1453,4,'xe-6/0/0.653','',0),(1541,866,4,'xe-10/1/0.558','',0),(1542,768,4,'lt-0/3/0.22','',0),(1543,910,4,'xe-10/1/0.166','',0),(1544,1092,4,'ae5.781','Kaztranscom_inet_2',0),(1545,693,4,'xe-2/0/0.77','Altura_PEERING',0),(1546,1341,4,'xe-10/0/0.32767','',0),(1547,503,4,'irb','',0),(1548,593,4,'xe-1/1/0','to_Rtelecom_extreme_p11',0),(1549,1636,4,'xe-11/2/0.1623','',0),(1550,1534,4,'xe-6/3/0.805','',0),(1551,641,4,'xe-2/2/0.603','',0),(1552,893,4,'xe-6/1/0.0','',0),(1553,1641,4,'xe-6/0/0.1623','',0),(1554,838,4,'pfe-3/0/0','',0),(1555,761,4,'ae13.0','',0),(1556,1504,4,'xe-6/2/0.3751','',0),(1557,640,4,'xe-2/3/0.556','',0),(1558,738,4,'ae9','',0),(1559,870,4,'xe-3/3/0.0','',0),(1560,1415,4,'xe-5/0/0.80','',0),(1561,804,4,'xe-1/0/0.87','',0),(1562,1121,4,'xe-11/2/0','Michurinsk_MM-3',0),(1563,896,4,'xe-6/2/0','Michurinsk_MM-8',0),(1564,1468,4,'xe-5/2/0.1621','',0),(1565,928,4,'xe-8/3/0.166','',0),(1566,623,4,'xe-2/2/0.604','',0),(1567,1512,4,'xe-6/2/0.888','',0),(1568,1644,4,'xe-6/3/0.1623','',0),(1569,1196,4,'xe-8/0/0','24200_SCTS',0),(1570,1526,4,'xe-6/3/0.3216','',0),(1571,1464,4,'xe-5/2/0.3101','',0),(1572,1114,4,'pfe-11/3/0.16383','',0),(1573,755,4,'xe-2/0/0.13','PtP_st200_buckup',0),(1574,777,4,'xe-1/0/0.788','',0),(1575,878,4,'xe-8/0/0.239','',0),(1576,1223,4,'lc-5/1/0','',0),(1577,1403,4,'xe-5/0/0.1670','',0),(1578,1672,4,'lc-4/2/0','',0),(1579,1685,4,'xe-1/1/0.557','',0),(1580,6,4,'lo0','',0),(1581,733,4,'ae4','LAG_100G_KT',0),(1582,1051,4,'xe-11/1/0.888','',0),(1583,630,4,'ae5.603','mgmt_alaty_sw',0),(1584,1418,4,'xe-5/0/0.1','',0),(1585,997,4,'xe-11/2/0.653','',0),(1586,1102,4,'gr-0/3/0.10','s1_ru_i',0),(1587,1478,4,'xe-5/2/0.80','',0),(1588,1655,4,'pfe-4/0/0','',0),(1589,1211,4,'xe-8/3/0.32767','',0),(1590,1449,4,'xe-6/0/0.888','',0),(1591,608,4,'ae5.604','NETWORK_KAZAKHSTAN',0),(1592,1542,4,'xe-6/3/0.29','',0),(1593,1593,4,'xe-6/0/0.3504','',0),(1594,1649,4,'xe-1/0/0.14','',0),(1595,1642,4,'xe-6/1/0.1623','',0),(1596,1234,4,'xe-5/1/0','MMTS_Voronezh_3_pl9p5',0),(1597,892,4,'xe-6/1/0','MMTS_Voronezh_5_pl9p7',0),(1598,942,4,'ae3.604','ORANGE_ALMATY',0),(1599,1428,4,'xe-5/1/0.888','',0),(1600,1376,4,'gr-0/3/0.30','DVB7',0),(1601,1474,4,'xe-5/2/0.653','',0),(1602,18,4,'em0.0','',0),(1603,912,4,'xe-11/3/0.166','',0),(1604,785,4,'xe-2/0/0.32767','',0),(1605,1432,4,'xe-5/1/0.653','',0),(1606,1632,4,'xe-3/0/0.32767','',0),(1607,1423,4,'xe-5/1/0.203','',0),(1608,1018,4,'xe-2/2/0.21','',0),(1609,1687,4,'xe-10/0/0.557','',0),(1610,587,4,'xe-1/3/0','Michurinsk_MM-7',0),(1611,1167,4,'lc-10/2/0','',0),(1612,1125,4,'lc-11/3/0','',0),(1613,609,4,'xe-2/2/0','LAG_to_EXSaratov',0),(1614,1595,4,'xe-6/2/0.3504','',0),(1615,1235,4,'xe-5/1/0.0','',0),(1616,667,4,'pfe-1/0/0.16383','',0),(1617,1443,4,'xe-6/0/0.3101','',0),(1618,741,4,'ae12','',0),(1619,1188,4,'pfe-5/2/0.16383','',0),(1620,998,4,'xe-11/2/0.606','',0),(1621,1186,4,'pfe-5/0/0.16383','',0),(1622,1564,4,'xe-6/1/0.6','',0),(1623,923,4,'xe-2/1/0.165','',0),(1624,714,4,'xe-2/0/0.452','test_altura_ptp',0),(1625,1610,4,'lc-7/0/0.32769','',0),(1626,779,4,'xe-1/0/0.784','',0),(1627,529,4,'lc-0/0/0.32769','',0),(1628,1545,4,'xe-6/1/0.32767','',0),(1629,753,4,'xe-2/0/0.17','PtP_Altura_inet',0),(1630,504,4,'pip0','',0),(1631,697,4,'gr-0/3/0','',0),(1632,1058,4,'xe-11/2/0.800','',0),(1633,987,4,'xe-2/2/0.888','',0),(1634,726,4,'xe-2/0/0.223','IPTV-for-SCTS_vlan223',0),(1635,1010,4,'xe-11/2/0.1','',0),(1636,1150,4,'pfh-10/0/0','',0),(1637,964,4,'ae5.789','KTC_10g_vlan789',0),(1638,1665,4,'lc-4/0/0.32769','',0),(1639,1657,4,'pfe-4/2/0','',0),(1640,1535,4,'xe-6/3/0.800','',0),(1641,1213,4,'lc-5/0/0.32769','',0),(1642,1335,4,'ae5.34','test_tplinkrouter',0),(1643,908,4,'xe-10/0/0.166','',0),(1644,1191,4,'pfe-8/1/0.16383','',0),(1645,1199,4,'xe-8/1/0','to_Rtelecom_extreme_p12',0),(1646,792,4,'ae5.81','Teliasonera_to_TNS_channe',0),(1647,624,4,'xe-2/3/0','Rtelecom_extreme_link7',0),(1648,903,4,'ae6.165','Satatov1',0),(1649,1158,4,'pfe-10/2/0.16383','',0),(1650,656,4,'pfe-0/0/0.16383','',0),(1651,1248,4,'ae17.29','VLAN29_MX960Moscow-M320Sa',0),(1652,1079,4,'irb.14','',0),(1653,729,4,'ae1','',0),(1654,771,4,'xe-1/0/0.804','',0),(1655,808,4,'xe-1/0/0.56','',0),(1656,814,4,'xe-1/0/0.4','',0),(1657,845,4,'pfe-3/2/0.16383','',0),(1658,1516,4,'xe-6/2/0.653','',0),(1659,1482,4,'xe-1/3/0.32767','',0),(1660,924,4,'xe-2/3/0.166','',0),(1661,885,4,'ae6.166','Saratov2',0),(1662,1231,4,'xe-8/0/0.1005','IPTV_transcode',0),(1663,1412,4,'xe-5/0/0.606','',0),(1664,1119,4,'lc-11/1/0','',0),(1665,884,4,'ae5.32767','',0),(1666,1249,4,'ae3.29','VLAN29_MX960Moscow-M320Sa',0),(1667,1046,4,'ae16','',0),(1668,863,4,'lc-3/2/0.32769','',0),(1669,1142,4,'pfe-6/2/0','',0),(1670,1291,4,'xe-5/3/0.888','',0),(1671,915,4,'xe-2/0/0.3751','',0),(1672,596,4,'xe-2/1/0','DATA_IX_test',0),(1673,1179,4,'xe-6/3/0.0','',0),(1674,1052,4,'xe-11/1/0.1622','',0),(1675,1521,4,'xe-6/2/0.29','',0),(1676,1366,4,'ae5.555','test_mmts_exGARANT',0),(1677,1456,4,'xe-6/0/0.81','',0),(1678,735,4,'ae6','R-telecom',0),(1679,613,4,'xe-2/1/0.557','',0),(1680,516,4,'lc-2/0/0','',0),(1681,721,4,'ae5.858','IHOME_backup_vlan858',0),(1682,1255,4,'ae3.0','',0),(1683,669,4,'pfe-1/2/0.16383','',0),(1684,1551,4,'xe-6/1/0.1622','',0),(1685,1271,4,'xe-11/2/0.29','',0),(1686,702,4,'ud-0/3/0','',0),(1687,639,4,'xe-2/3/0.557','',0),(1688,1668,4,'lc-4/1/0','',0),(1689,989,4,'xe-11/2/0.32767','',0),(1690,1505,4,'xe-6/2/0.3216','',0),(1691,1613,4,'xe-7/1/0','to_ekinops_p6_to_KT',0),(1692,873,4,'xe-8/0/0.238','',0),(1693,636,4,'xe-2/3/0.558','',0),(1694,1137,4,'pfe-8/3/0','',0),(1695,577,4,'lc-1/1/0','',0),(1696,1104,4,'xe-11/2/0.898','',0),(1697,1406,4,'xe-5/0/0.898','',0),(1698,1133,4,'pfh-6/0/0','',0),(1699,1417,4,'xe-5/0/0.6','',0),(1700,1118,4,'xe-11/1/0','IHOME_VNET_20G_ID_101_1',0),(1701,852,4,'gr-0/3/0.2','s2',0),(1702,643,4,'xe-2/2/0.6','',0),(1703,600,4,'pe-0/3/0.36869','',0),(1704,1637,4,'xe-5/0/0.1623','',0),(1705,1673,4,'lc-4/2/0.32769','',0),(1706,1120,4,'lc-11/1/0.32769','',0),(1707,1301,4,'ae3.653','orange_to_bishkek_6m',0),(1708,821,4,'xe-2/2/0.81','',0),(1709,696,4,'pe-0/3/0','',0),(1710,1475,4,'xe-5/2/0.606','',0),(1711,1532,4,'xe-6/3/0.898','',0),(1712,1105,4,'pfh-11/0/0','',0),(1713,1187,4,'pfe-5/1/0.16383','',0),(1714,1431,4,'xe-5/1/0.654','',0),(1715,1192,4,'pfe-8/2/0.16383','',0),(1716,879,4,'xe-0/2/0.0','',0),(1717,938,4,'xe-2/0/0.20','J_R_ALT',0),(1718,1679,4,'xe-4/3/0.0','',0),(1719,1596,4,'xe-6/3/0.3504','',0),(1720,10,4,'pime','',0),(1721,1164,4,'lc-10/1/0','',0),(1722,1477,4,'xe-5/2/0.81','',0),(1723,1620,4,'xe-7/0/0.0','',0),(1724,1183,4,'pfe-5/2/0','',0),(1725,1262,4,'ae3.203','IPTV_mediaoperator',0),(1726,1444,4,'xe-6/0/0.203','',0),(1727,1290,4,'xe-5/3/0.1622','',0),(1728,1651,4,'xe-2/2/0.14','',0),(1729,1527,4,'xe-6/3/0.3101','',0),(1730,505,4,'pp0','',0),(1731,670,4,'pfe-1/3/0.16383','',0),(1732,929,4,'xe-8/3/0.165','',0),(1733,995,4,'xe-11/2/0.805','',0),(1734,837,4,'pfh-3/0/0','',0),(1735,1225,4,'xe-8/0/0.55','',0),(1736,592,4,'xe-1/0/0','LAG_to_EXSaratov',0),(1737,625,4,'lc-2/3/0','',0),(1738,712,4,'xe-0/2/0.32767','',0),(1739,631,4,'gr-0/3/0.31','',0),(1740,1544,4,'xe-6/3/0.1','',0),(1741,1583,4,'ae3.3504','',0),(1742,1616,4,'xe-7/2/0','to_ekinops_p7_to_KT',0),(1743,1538,4,'xe-6/3/0.606','',0),(1744,1631,4,'xe-3/0/0.1','',0),(1745,1422,4,'xe-5/1/0.3101','',0),(1746,1640,4,'xe-5/3/0.1623','',0),(1747,1151,4,'pfe-10/0/0','',0),(1748,763,4,'xe-1/0/0.858','',0),(1749,1204,4,'lc-8/3/0.32769','',0),(1750,1524,4,'xe-6/3/0.32767','',0),(1751,839,4,'pfe-3/1/0','',0),(1752,1055,4,'xe-11/1/0.32767','',0),(1753,793,4,'xe-1/0/0.779','',0),(1754,1205,4,'xe-8/3/0','to_Rtelecom_extreme_p13',0),(1755,1578,4,'xe-6/1/0.993','',0),(1756,1009,4,'xe-11/2/0.6','',0),(1757,1696,4,'ae6.558','extreme_mgmt',0),(1758,654,4,'pfe-0/1/0','',0),(1759,909,4,'xe-10/0/0.165','',0),(1760,570,4,'lc-0/3/0','',0),(1761,1124,4,'xe-11/3/0','to_Rtelecom_extreme_p15',0),(1762,883,4,'ae5.0','TTK_inet',0),(1763,1159,4,'pfe-10/3/0.16383','',0),(1764,1230,4,'xe-8/0/0.1004','IPTV_clients',0),(1765,618,4,'xe-1/0/0.604','',0),(1766,655,4,'pfe-0/2/0','',0),(1767,848,4,'lc-3/0/0.32769','',0),(1768,1163,4,'xe-10/1/0','Rtelecom_extreme_link8',0),(1769,1629,4,'xe-0/2/0.200','',0),(1770,1702,4,'ae10.1624','',0),(1771,1405,4,'xe-5/0/0.1621','',0),(1772,1455,4,'xe-6/0/0.604','',0),(1773,1256,4,'ae3.32767','',0),(1774,1060,4,'xe-2/2/0.4','',0),(1775,703,4,'lt-0/3/0.333','',0),(1776,864,4,'xe-3/2/0','to_ekinops_p10_to_KT',0),(1777,900,4,'xe-6/3/0','MM-9_TNTK_toMoscow',0),(1778,1016,4,'xe-2/2/0.87','',0),(1779,13,4,'fxp0.0','',0),(1780,972,4,'ae5.2','mgmt_ex_realip',0),(1781,799,4,'xe-1/0/0.555','',0),(1782,1170,4,'lc-10/3/0','',0),(1783,1514,4,'xe-6/2/0.800','',0),(1784,925,4,'xe-2/3/0.165','',0),(1785,1461,4,'xe-5/2/0.32767','',0),(1786,840,4,'pfe-3/2/0','',0),(1787,1515,4,'xe-6/2/0.654','',0),(1788,1686,4,'xe-1/1/0.556','',0),(1789,1411,4,'xe-5/0/0.653','',0),(1790,4,4,'lsi','',0),(1791,1480,4,'xe-5/2/0.6','',0),(1792,528,4,'lc-0/0/0','',0),(1793,807,4,'xe-1/0/0.80','',0),(1794,1691,4,'xe-11/3/0.556','',0),(1795,945,4,'xe-2/0/0.107','SCTS_PRT2',0),(1796,21,3,'lo0.16384','',0),(1797,118,3,'ae2','',0),(1798,139,3,'pc-0/0/0.16383','',0),(1799,7,3,'tap','',0),(1800,17,3,'em0','',0),(1801,119,3,'ae3','',0),(1802,1,3,'fxp0','',0),(1803,18,3,'em0.0','',0),(1804,136,3,'pp0','',0),(1805,116,3,'ae0','FACEBOOK',0),(1806,144,3,'so-1/1/0','',0),(1807,141,3,'pc-0/1/0','',0),(1808,16,3,'lo0.0','',0),(1809,147,3,'so-1/1/3','',0),(1810,120,3,'ae4','',0),(1811,20,3,'bcm0.0','',0),(1812,145,3,'so-1/1/1','',0),(1813,10,3,'pime','',0),(1814,148,3,'xe-0/0/0.0','',0),(1815,140,3,'xe-0/1/0','',0),(1816,150,3,'ae0.0','',0),(1817,11,3,'pimd','',0),(1818,131,3,'ae6','',0),(1819,142,3,'pc-0/1/0.16383','',0),(1820,143,3,'so-1/0/0','TeliaSonera-to-m320msk',0),(1821,22,3,'lo0.16385','',0),(1822,13,3,'fxp0.0','',0),(1823,133,3,'ae7','',0),(1824,6,3,'lo0','',0),(1825,123,3,'ae5','',0),(1826,149,3,'so-1/0/0.0','',0),(1827,138,3,'pc-0/0/0','',0),(1828,9,3,'ipip','',0),(1829,146,3,'so-1/1/2','',0),(1830,12,3,'mtun','',0),(1831,137,3,'xe-0/0/0','FACEBOOK',0),(1832,8,3,'gre','',0),(1833,4,3,'lsi','',0),(1834,117,3,'ae1','',0),(1835,19,3,'bcm0','',0),(1836,5,3,'dsc','',0),(1837,643,2,'ge-0/0/30','',0),(1838,538,2,'xe-0/0/28.0','',0),(1839,33,2,'me0','',0),(1840,621,2,'ge-0/0/19','OTPO_link',0),(1841,21,2,'lo0.16384','',0),(1842,524,2,'vlan.666','',0),(1843,554,2,'ae7.0','',0),(1844,565,2,'ae12','',0),(1845,620,2,'vlan.433','',0),(1846,7,2,'tap','',0),(1847,523,2,'ae3.0','',0),(1848,546,2,'vlan.137','TestKTC',0),(1849,600,2,'xe-0/0/20','',0),(1850,520,2,'ae7','LAG_ALTURA_20G',0),(1851,537,2,'xe-0/0/28','',0),(1852,586,2,'xe-0/0/17','',0),(1853,521,2,'xe-0/0/5','GGC_Server2',0),(1854,598,2,'ae16','LAG_30G_to_MX960',0),(1855,526,2,'xe-0/0/7','ZABBIX_10G',0),(1856,566,2,'ae13','',0),(1857,522,2,'xe-0/0/5.0','',0),(1858,532,2,'vlan.202','',0),(1859,637,2,'vlan.779','',0),(1860,599,2,'ae16.0','',0),(1861,525,2,'xe-0/0/1.0','',0),(1862,512,2,'xe-0/0/1','',0),(1863,533,2,'xe-0/0/2','smartnet5G_ihomeex670P2',0),(1864,582,2,'vlan.785','testKTCerror',0),(1865,517,2,'ae4','',0),(1866,534,2,'xe-0/0/2.0','',0),(1867,601,2,'xe-0/0/20.0','',0),(1868,633,2,'vlan.6','mgmt_msk_24100',0),(1869,536,2,'xe-0/0/6.0','',0),(1870,551,2,'xe-0/0/9.0','',0),(1871,529,2,'xe-0/0/7.0','',0),(1872,634,2,'ge-0/0/3','mgmt_msk_24100',0),(1873,611,2,'ge-0/0/25.0','',0),(1874,10,2,'pime','',0),(1875,550,2,'xe-0/0/9','ALMATY_8,3G_1,5G_150M_ORA',0),(1876,584,2,'xe-0/0/16','',0),(1877,504,2,'ge-0/0/0','',0),(1878,578,2,'ae9.0','',0),(1879,35,2,'vme','',0),(1880,11,2,'pimd','',0),(1881,632,2,'vlan.100','',0),(1882,511,2,'vlan.194','',0),(1883,505,2,'ge-0/0/0.0','',0),(1884,535,2,'xe-0/0/6','',0),(1885,514,2,'ae1','OZINKI_juniper_switch',0),(1886,610,2,'ge-0/0/25','ORANGE',0),(1887,541,2,'xe-0/0/14','',0),(1888,508,2,'ae1.0','',0),(1889,513,2,'ae0','LAG_60g_to_KZ_1',0),(1890,515,2,'ae2','LAG_60G_to_KZ_2',0),(1891,564,2,'ae11','',0),(1892,563,2,'ae10','',0),(1893,540,2,'xe-0/0/8.0','',0),(1894,12,2,'mtun','',0),(1895,606,2,'vlan.5','TEST_module',0),(1896,510,2,'xe-0/0/4.0','',0),(1897,530,2,'vlan.200','',0),(1898,642,2,'ge-0/0/31.0','',0),(1899,624,2,'ge-0/0/29.0','',0),(1900,507,2,'vlan.35','',0),(1901,573,2,'ae8.0','',0),(1902,519,2,'ae6','',0),(1903,503,2,'xe-0/0/26','bezServisa',0),(1904,549,2,'ae5.0','',0),(1905,638,2,'vlan.603','',0),(1906,585,2,'xe-0/0/16.0','',0),(1907,567,2,'ae14','',0),(1908,548,2,'vlan.2','',0),(1909,635,2,'ge-0/0/3.0','',0),(1910,506,2,'xe-0/0/26.0','',0),(1911,641,2,'ge-0/0/31','UFA_IX',0),(1912,654,2,'ge-0/0/23','test_mmts',0),(1913,570,2,'vlan.82','MTS_PtP_test',0),(1914,616,2,'ge-0/0/18','ALSiTEC_office',0),(1915,640,2,'vlan.8','',0),(1916,618,2,'vlan.653','',0),(1917,655,2,'ge-0/0/23.0','',0),(1918,531,2,'vlan.201','',0),(1919,614,2,'ge-0/0/27.0','',0),(1920,622,2,'ge-0/0/19.0','',0),(1921,581,2,'lo0.194','',0),(1922,545,2,'ae0.0','',0),(1923,501,2,'vlan','',0),(1924,623,2,'ge-0/0/29','GARANT',0),(1925,613,2,'ge-0/0/27','50M_TNTK_LPP',0),(1926,516,2,'ae3','to_EX_Moscow',0),(1927,646,2,'vlan.802','',0),(1928,502,2,'vlan.803','',0),(1929,626,2,'vlan.80','',0),(1930,543,2,'xe-0/0/15','',0),(1931,617,2,'ge-0/0/18.0','',0),(1932,639,2,'vlan.604','',0),(1933,644,2,'ge-0/0/30.0','',0),(1934,583,2,'ae2.0','',0),(1935,6,2,'lo0','',0),(1936,562,2,'ae9','IHOME',0),(1937,542,2,'xe-0/0/14.0','',0),(1938,636,2,'vlan.3','',0),(1939,630,2,'vlan.654','test_turktelecom',0),(1940,518,2,'ae5','LAG_80G_to_MX960',0),(1941,9,2,'ipip','',0),(1942,561,2,'ae8','LAG_ANDERS_20G',0),(1943,509,2,'xe-0/0/4','GGC_Server1',0),(1944,8,2,'gre','',0),(1945,38,2,'bme0.32768','',0),(1946,568,2,'ae15','',0),(1947,4,2,'lsi','',0),(1948,629,2,'vlan.789','',0),(1949,34,2,'me0.0','',0),(1950,619,2,'vlan.431','test',0),(1951,37,2,'bme0','',0),(1952,539,2,'xe-0/0/8','ALTURA2',0),(1953,5,2,'dsc','',0),(1954,559,1,'ae4','',0),(1955,33,1,'me0','',0),(1956,519,1,'xe-0/0/7','KAZNETWORKS',0),(1957,21,1,'lo0.16384','',0),(1958,503,1,'vlan.2','mgmt_real_ip',0),(1959,593,1,'vlan.605','',0),(1960,7,1,'tap','',0),(1961,585,1,'ge-0/0/8','to_Orange2',0),(1962,520,1,'xe-0/0/7.0','',0),(1963,586,1,'ge-0/0/8.0','',0),(1964,548,1,'ge-0/0/1.0','',0),(1965,598,1,'xe-0/0/16.0','',0),(1966,506,1,'ge-0/0/2','to_ORANGE',0),(1967,560,1,'ae5','',0),(1968,526,1,'ge-0/0/1','TNS1GE_2',0),(1969,580,1,'ge-0/0/0.0','',0),(1970,525,1,'vlan.603','',0),(1971,587,1,'ae11','',0),(1972,595,1,'ge-0/0/9','',0),(1973,589,1,'ae14','',0),(1974,590,1,'ae15','',0),(1975,581,1,'ae9','',0),(1976,596,1,'ge-0/0/9.0','',0),(1977,501,1,'vlan','',0),(1978,556,1,'ae1','',0),(1979,10,1,'pime','',0),(1980,584,1,'ae12','',0),(1981,550,1,'ae8','',0),(1982,557,1,'ae2','',0),(1983,35,1,'vme','',0),(1984,588,1,'ae13','',0),(1985,11,1,'pimd','',0),(1986,594,1,'vlan.604','',0),(1987,579,1,'ge-0/0/0','TNS1GE_1',0),(1988,511,1,'ge-0/0/31.0','',0),(1989,505,1,'ge-0/0/31','to_24100forMonitoring',0),(1990,583,1,'ae10','',0),(1991,508,1,'ge-0/0/2.0','',0),(1992,6,1,'lo0','',0),(1993,592,1,'ae16','',0),(1994,562,1,'ae7','',0),(1995,563,1,'ae0.0','',0),(1996,547,1,'xe-0/0/16','',0),(1997,597,1,'vlan.606','',0),(1998,509,1,'xe-0/0/3','',0),(1999,561,1,'ae6','',0),(2000,9,1,'ipip','',0),(2001,558,1,'ae3','',0),(2002,555,1,'ae0','TNSplus',0),(2003,12,1,'mtun','',0),(2004,8,1,'gre','',0),(2005,38,1,'bme0.32768','',0),(2006,4,1,'lsi','',0),(2007,34,1,'me0.0','',0),(2008,510,1,'xe-0/0/3.0','',0),(2009,37,1,'bme0','',0),(2010,5,1,'dsc','',0),(2011,1473,7,'xe-2/0/0.201','',0),(2012,1474,7,'xe-5/3/0.201','',0),(2013,1475,7,'ae11.201','',0),(2014,950,4,'xe-0/2/0.201','',0),(2015,953,4,'xe-2/1/0.1','',0),(2016,951,4,'xe-1/3/0.201','',0),(2017,952,4,'ae11.201','',0);
/*!40000 ALTER TABLE `indexes` ENABLE KEYS */;
UNLOCK TABLES;

--
-- Table structure for table `ip`
--

DROP TABLE IF EXISTS `ip`;
/*!40101 SET @saved_cs_client     = @@character_set_client */;
/*!40101 SET character_set_client = utf8 */;
CREATE TABLE `ip` (
  `id` int(8) unsigned NOT NULL AUTO_INCREMENT,
  `ip` int(8) unsigned NOT NULL,
  `snmp_v` int(4) unsigned NOT NULL,
  `snmp_port` int(8) unsigned NOT NULL,
  `community` varchar(25) NOT NULL,
  `name` varchar(25) NOT NULL,
  PRIMARY KEY (`id`),
  UNIQUE KEY `ip` (`ip`)
) ENGINE=InnoDB AUTO_INCREMENT=9 DEFAULT CHARSET=latin1;
/*!40101 SET character_set_client = @saved_cs_client */;

--
-- Dumping data for table `ip`
--

LOCK TABLES `ip` WRITE;
/*!40000 ALTER TABLE `ip` DISABLE KEYS */;
INSERT INTO `ip` VALUES (1,3232255498,2,161,'AlSiTeC',' JuniperSwitch_Almaty'),(2,2372254451,2,161,'AlSiTeC','EX4550_SRT'),(3,2372254292,2,161,'AlSiTeC','FRANKFURT_M320'),(4,2372254213,2,161,'AlSiTeC','MX960_SRT'),(5,2372254250,2,161,'public',' Saratov_Switch_extreme_x'),(6,2372254293,2,161,'AlSiTeC','Moscow_M320'),(7,2372254210,2,161,'AlSiTeC','MX960_MSK'),(8,3232261357,2,161,'AlSiTeC','EX4550_OZINKI');
/*!40000 ALTER TABLE `ip` ENABLE KEYS */;
UNLOCK TABLES;
/*!40103 SET TIME_ZONE=@OLD_TIME_ZONE */;

/*!40101 SET SQL_MODE=@OLD_SQL_MODE */;
/*!40014 SET FOREIGN_KEY_CHECKS=@OLD_FOREIGN_KEY_CHECKS */;
/*!40014 SET UNIQUE_CHECKS=@OLD_UNIQUE_CHECKS */;
/*!40101 SET CHARACTER_SET_CLIENT=@OLD_CHARACTER_SET_CLIENT */;
/*!40101 SET CHARACTER_SET_RESULTS=@OLD_CHARACTER_SET_RESULTS */;
/*!40101 SET COLLATION_CONNECTION=@OLD_COLLATION_CONNECTION */;
/*!40111 SET SQL_NOTES=@OLD_SQL_NOTES */;

-- Dump completed on 2018-05-05 16:37:36
